diplomat_id,person_id,dob,family_name,family_name_en,name,name_en,patronymic,patronymic_en,position,position_en,rank,rank_item,department,department_en,country_item
11,836981,1957-05-12,Аскальдович,Askaldovich,Геннадий,Gennady,Иосифович,Iosifovich,посол по особым поручениям,Ambassador-at-Large,чрезвычайный и полномочный посол,Q139927432,группа послов по особым поручениям мид российской федерации,Group of Ambassadors-at-Large of the Ministry of Foreign Affairs of the Russian Federation,
23,1721792,1973-12-07,Бердыев,Berdyev,Марат,Marat,Владимирович,Vladimirovich,посол по особым поручениям,Ambassador-at-Large,чрезвычайный и полномочный посол,Q139927432,группа послов по особым поручениям мид российской федерации,Group of Ambassadors-at-Large of the Ministry of Foreign Affairs of the Russian Federation,
34,1722291,1963-05-01,Бурмистров,Burmistrov,Олег,Oleg,Николаевич,Nikolaevich,посол по особым поручениям,Ambassador-at-Large,чрезвычайный и полномочный посол,Q139927432,группа послов по особым поручениям мид российской федерации,Group of Ambassadors-at-Large of the Ministry of Foreign Affairs of the Russian Federation,
121,1721869,1972-03-01,Лукьянцев,Lukyantsev,Григорий,Gregory,Евгеньевич,Evgenievich,директор департамента,director of the department,чрезвычайный и полномочный посол,Q139927432,департамент многостороннего сотрудничества по правам человека,Department of Multilateral Cooperation on Human Rights,
155,839683,1967-10-16,Полищук,Polischuk,Алексей,Alexey,Анатольевич,Anatolyevich,директор департамента (член коллегии),Director of the Department (member of the board),чрезвычайный и полномочный посол,Q139927432,второй департамент стран снг,Second Department of the CIS countries,
197,842609,1956-09-22,Хорев,Khorev,Михаил,Michael,Владимирович,Vladimirovich,посол по особым поручениям,Ambassador-at-Large,чрезвычайный и полномочный посол,Q139927432,группа послов по особым поручениям мид российской федерации,Group of Ambassadors-at-Large of the Ministry of Foreign Affairs of the Russian Federation,
208,1722080,1957-09-16,Юрков,Yurkov,Анатолий,Anatoly,Леонидович,Leonidovich,посол по особым поручениям,Ambassador-at-Large,чрезвычайный и полномочный посол,Q139927432,группа послов по особым поручениям мид российской федерации,Group of Ambassadors-at-Large of the Ministry of Foreign Affairs of the Russian Federation,
211,834410,1970-01-01,Балакин,Balakina,Дмитрий,Dmitry,Александрович,Alexandrovich,заместитель директора департамента,Deputy Director of the Department,чрезвычайный и полномочный посланник 1 класса,Q139927408,департамент общеевропейского сотрудничества,Department of Pan-European Cooperation,
212,1722300,1966-06-10,Баранов,Baranov,Максим,Maxim,Анатольевич,Anatolyevich,заместитель директора департамента,Deputy Director of the Department,чрезвычайный и полномочный посланник 1 класса,Q139927408,второй департамент азии,Second Department of Asia,
217,1721799,1958-01-04,Броварец,Brovarets,Андрей,Andrey,Петрович,Petrovich,посол по особым поручениям,Ambassador-at-Large,чрезвычайный и полномочный посланник 1 класса,Q139927408,группа послов по особым поручениям мид российской федерации,Group of Ambassadors-at-Large of the Ministry of Foreign Affairs of the Russian Federation,
218,843705,1963-09-15,Буачидзе,Buachidze,Гоча,Gocha,Леванович,Levanovich,руководитель миссии российской федерации,Head of the Mission of the Russian Federation,чрезвычайный и полномочный посланник 1 класса,Q139927408,представительство российской федерации при палестинской национальной администрации в рамалле,Representative Office of the Russian Federation to the Palestinian National Authority in Ramallah,
219,1722302,1975-08-02,Булатов,Bulatov,Артем,Artem,Юрьевич,Yuryevich,посол по особым поручениям,Ambassador-at-Large,чрезвычайный и полномочный посланник 1 класса,Q139927408,группа послов по особым поручениям мид российской федерации,Group of Ambassadors-at-Large of the Ministry of Foreign Affairs of the Russian Federation,
220,1721800,1976-09-26,Бурляй,Seethe,Максим,Maxim,Янович,Yanovich,заместитель директора департамента,Deputy Director of the Department,чрезвычайный и полномочный посланник 1 класса,Q139927408,департамент информации и печати,Department of Information and Press,
222,1722303,1976-01-04,Великанов,Giants,Вадим,Vadim,Валерьевич,Valerievich,заместитель директора департамента,Deputy Director of the Department,чрезвычайный и полномочный посланник 1 класса,Q139927408,третий департамент азии,Third Department of Asia,
223,1721810,1974-07-31,Волгарев,Volgarev,Александр,Alexander,Александрович,Alexandrovich,заместитель постоянного представителя,Deputy Permanent Representative,чрезвычайный и полномочный посланник 1 класса,Q139927408,"постоянное представительство российской федерации при организации по безопасности и сотрудничеству в европе (обсе) в вене, австрийская республика","Permanent Mission of the Russian Federation to the Organization for Security and Cooperation in Europe (OSCE) in Vienna, Republic of Austria",Q40
225,837627,1974-03-07,Гаппоев,Gappoev,Александр,Alexander,Сергеевич,Sergeevich,директор департамента,director of the department,чрезвычайный и полномочный посланник 1 класса,Q139927408,департамент безопасности,Security Department,
226,837496,1975-07-10,Германчук,Germanchuk,Максим,Maxim,Николаевич,Nikolaevich,заместитель директора департамента,Deputy Director of the Department,чрезвычайный и полномочный посланник 1 класса,Q139927408,первый департамент стран снг,First Department of the CIS countries,
227,1722304,1962-06-14,Гусев,Gusev,Вадим,Vadim,Альбертович,Albertovich,советник-посланник,Minister-Counselor,чрезвычайный и полномочный посланник 1 класса,Q139927408,посольство российской федерации в киргизской республике,Embassy of the Russian Federation in the Kyrgyz Republic,Q813
231,844914,1962-12-16,Дейнеко,Deineko,Александр,Alexander,Михайлович,Mikhailovich,заместитель директора департамента,Deputy Director of the Department,чрезвычайный и полномочный посланник 1 класса,Q139927408,департамент по вопросам нераспространения и контроля над вооружениями,Department for Non-Proliferation and Arms Control,
233,1722306,1964-04-03,Доманов,Domanov,Александр,Alexander,,,директор департамента,director of the department,чрезвычайный и полномочный посланник 1 класса,Q139927408,департамент капитального строительства и собственности за рубежом,Department of Capital Construction and Property Abroad,
234,843359,1972-03-15,Дронов,Dronov,Алексей,Alexey,Александрович,Alexandrovich,генеральный консул российской федерации,Consul General of the Russian Federation,чрезвычайный и полномочный посланник 1 класса,Q139927408,"генеральное консульство российской федерации в бонне, федеративная республика германия","Consulate General of the Russian Federation in Bonn, Federal Republic of Germany",Q183
235,845846,1959-08-13,Егоров,Egorov,Евгений,Evgeny,Николаевич,Nikolaevich,заместитель директора департамента,Deputy Director of the Department,чрезвычайный и полномочный посланник 1 класса,Q139927408,департамент кадров,HR department,
236,839653,1979-02-03,Ежов,Yezhov,Сергей,Sergey,Павлович,Pavlovich,посол по особым поручениям,Ambassador-at-Large,чрезвычайный и полномочный посланник 1 класса,Q139927408,группа послов по особым поручениям мид российской федерации,Group of Ambassadors-at-Large of the Ministry of Foreign Affairs of the Russian Federation,
238,1721827,1972-06-09,Желоховцев,Zhelokhovtsev,Иван,Ivan,Алексеевич,Alekseevich,директор департамента,director of the department,чрезвычайный и полномочный посланник 1 класса,Q139927408,первый департамент азии,First Department of Asia,
243,840921,1957-01-13,Запевалов,Zapevalov,Владимир,Vladimir,Васильевич,Vasilievich,посол по особым поручениям,Ambassador-at-Large,чрезвычайный и полномочный посланник 1 класса,Q139927408,группа послов по особым поручениям мид российской федерации,Group of Ambassadors-at-Large of the Ministry of Foreign Affairs of the Russian Federation,
248,1722308,1975-10-10,Калугина,Kalugina,Мария,Maria,Юрьевна,Yuryevna,заместитель директора департамента,Deputy Director of the Department,чрезвычайный и полномочный посланник 1 класса,Q139927408,департамент информации и печати,Department of Information and Press,
249,844011,1962-02-23,Капырин,Kapyrin,Игорь,Igor,Николаевич,Nikolaevich,директор департамента,director of the department,чрезвычайный и полномочный посланник 1 класса,Q139927408,"департамент по связям с субъектами федерации, парламентом и общественными объединениями","Department for Relations with Federal Subjects, Parliament, and Public Associations",
250,836020,1964-06-10,Кислов,Kislov,Александр,Alexander,Александрович,Alexandrovich,заместитель директора департамента,Deputy Director of the Department,чрезвычайный и полномочный посланник 1 класса,Q139927408,генеральный секретариат (департамент),General Secretariat (Department),
251,835049,1964-05-12,Князев,Knyazev,Павел,Paul,Русланович,Ruslanovich,посол по особым поручениям,Ambassador-at-Large,чрезвычайный и полномочный посланник 1 класса,Q139927408,группа послов по особым поручениям мид российской федерации,Group of Ambassadors-at-Large of the Ministry of Foreign Affairs of the Russian Federation,
253,1721841,1961-04-02,Кононученко,Kononuchenko,Сергей,Sergey,Борисович,Borisovich,посол по особым поручениям,Ambassador-at-Large,чрезвычайный и полномочный посланник 1 класса,Q139927408,группа послов по особым поручениям мид российской федерации,Group of Ambassadors-at-Large of the Ministry of Foreign Affairs of the Russian Federation,
255,1721845,1969-11-06,Корляков,Korlyakov,Алексей,Alexey,Владимирович,Vladimirovich,советник-посланник,Minister-Counselor,чрезвычайный и полномочный посланник 1 класса,Q139927408,посольство российской федерации в федеративной республике германия,Embassy of the Russian Federation in the Federal Republic of Germany,Q183
257,1721853,1963-10-22,Красницкий,Krasnitsky,Олег,Oleg,Юзефович,Yuzefovich,генеральный консул российской федерации,Consul General of the Russian Federation,чрезвычайный и полномочный посланник 1 класса,Q139927408,"генеральное консульство российской федерации в мюнхене,федеративная республика германия","Consulate General of the Russian Federation in Munich, Federal Republic of Germany",Q183
259,1722310,1968-11-28,Кузьмин,Kuzmin,Геннадий,Gennady,Владимирович,Vladimirovich,посол по особым поручениям,Ambassador-at-Large,чрезвычайный и полномочный посланник 1 класса,Q139927408,группа послов по особым поручениям мид российской федерации,Group of Ambassadors-at-Large of the Ministry of Foreign Affairs of the Russian Federation,
262,1722051,1968-12-06,Лисенков,Lisenkov,Алексей,Alexey,Дмитриевич,Dmitrievich,директор департамента,director of the department,чрезвычайный и полномочный посланник 1 класса,Q139927408,департамент специальной связи,Department of Special Communications,
263,1721866,1975-04-01,Логвинов,Logvinov,Кирилл,Kirill,Михайлович,Mikhailovich,заместитель постоянного представителя,Deputy Permanent Representative,чрезвычайный и полномочный посланник 1 класса,Q139927408,"постоянное представительство российской федерации при европейском союзе и европейском сообществе по атомной энергии в брюсселе, бельгия","Permanent Mission of the Russian Federation to the European Union and the European Atomic Energy Community in Brussels, Belgium",Q458
263,1721866,1975-04-01,Логвинов,Logvinov,Кирилл,Kirill,Михайлович,Mikhailovich,заместитель постоянного представителя,Deputy Permanent Representative,чрезвычайный и полномочный посланник 1 класса,Q139927408,"постоянное представительство российской федерации при европейском союзе и европейском сообществе по атомной энергии в брюсселе, бельгия","Permanent Mission of the Russian Federation to the European Union and the European Atomic Energy Community in Brussels, Belgium",Q31
264,1721868,1967-04-08,Лукьянцев,Lukyantsev,Дмитрий,Dmitry,Евгеньевич,Evgenievich,генеральный консул российской федерации,Consul General of the Russian Federation,чрезвычайный и полномочный посланник 1 класса,Q139927408,"генеральное консульство российской федерации в шанхае, китайская народная республика","Consulate General of the Russian Federation in Shanghai, People's Republic of China",Q865
265,1722311,1965-06-18,Лысиков,Lysikov,Андрей,Andrey,Викторович,Viktorovich,директор департамента,director of the department,чрезвычайный и полномочный посланник 1 класса,Q139927408,валютно-финансовый департамент,currency and financial department,
266,1722312,1961-09-02,Лыженков,Lyzhenkov,Алексей,Alexey,Львович,Lvovich,заместитель директора департамента,Deputy Director of the Department,чрезвычайный и полномочный посланник 1 класса,Q139927408,департамент по вопросам новых вызовов и угроз,Department of New Challenges and Threats,
267,1721872,1977-07-10,Люкманов,Lyukmanov,Артур,Arthur,Рушанович,Rushanovich,директор департамента,director of the department,чрезвычайный и полномочный посланник 1 класса,Q139927408,департамент международной информационной безопасности,Department of International Information Security,
268,1722313,1964-10-01,Мазур,Mazur,Антон,Anton,Юрьевич,Yuryevich,заместитель директора департамента,Deputy Director of the Department,чрезвычайный и полномочный посланник 1 класса,Q139927408,департамент по вопросам нераспространения и контроля над вооружениями,Department for Non-Proliferation and Arms Control,
271,1722314,1968-03-04,Миляев,Milyaev,Андрей,Andrey,Александрович,Alexandrovich,заместитель директора департамента,Deputy Director of the Department,чрезвычайный и полномочный посланник 1 класса,Q139927408,департамент государственного протокола,Department of State Protocol,
274,1722316,1985-06-30,Михайлова,Mikhailova,Наталья,Natalia,Сергеевна,Sergeevna,руководитель представительства,head of the representative office,чрезвычайный и полномочный посланник 1 класса,Q139927408,представительство мид российской федерации в г. донецке,Representative Office of the Ministry of Foreign Affairs of the Russian Federation in Donetsk,
278,1721891,1975-11-14,Мусихин,Musikhin,Максим,Maxim,Вячеславович,Vyacheslavovich,директор департамента,director of the department,чрезвычайный и полномочный посланник 1 класса,Q139927408,правовой департамент,legal department,
281,1721895,1959-05-18,Оверченко,Overchenko,Сергей,Sergey,Александрович,Alexandrovich,заместитель директора департамента,Deputy Director of the Department,чрезвычайный и полномочный посланник 1 класса,Q139927408,третий департамент стран снг,Third Department of the CIS countries,
282,1722318,1967-05-18,Ожегова,Ozhegova,Светлана,Svetlana,Всеволодовна,Vsevolodovna,заместитель директора департамента,Deputy Director of the Department,чрезвычайный и полномочный посланник 1 класса,Q139927408,второй европейский департамент,Second European Department,
284,1721899,1966-12-19,Пальтов,Coats,Сергей,Sergey,Юрьевич,Yuryevich,заместитель директора департамента,Deputy Director of the Department,чрезвычайный и полномочный посланник 1 класса,Q139927408,четвертый департамент стран снг,Fourth Department of the CIS countries,
285,841494,1958-05-21,Петрачков,Petrachkov,Александр,Alexander,Федорович,Fedorovich,помощник министра,assistant to the minister,чрезвычайный и полномочный посланник 1 класса,Q139927408,генеральный секретариат (департамент),General Secretariat (Department),
287,1722066,1961-02-24,Петров,Petrov,Андрей,Andrey,Юрьевич,Yuryevich,генеральный консул российской федерации,Consul General of the Russian Federation,чрезвычайный и полномочный посланник 1 класса,Q139927408,"генеральное консульство российской федерации в рио-де-жанейро, федеративная республика бразилия","Consulate General of the Russian Federation in Rio de Janeiro, Federative Republic of Brazil",Q155
290,1722321,1974-08-18,Постников,Postnikov,Олег,Oleg,Владимирович,Vladimirovich,директор департамента,director of the department,чрезвычайный и полномочный посланник 1 класса,Q139927408,департамент по вопросам нераспространения и контроля над вооружениями,Department for Non-Proliferation and Arms Control,
291,1721907,1962-05-30,Прожогин,Prozhogin,Сергей,Sergey,Николаевич,Nikolaevich,заместитель директора департамента,Deputy Director of the Department,чрезвычайный и полномочный посланник 1 класса,Q139927408,департамент северной атлантики,Department of the North Atlantic,
292,1722322,1970-05-11,Проскуряков,Proskuryakov,Владимир,Vladimir,Анатольевич,Anatolyevich,советник-посланник,Minister-Counselor,чрезвычайный и полномочный посланник 1 класса,Q139927408,посольство российской федерации в канаде,Embassy of the Russian Federation in Canada,Q16
293,1722323,1977-02-08,Прусов,Prusov,Александр,Alexander,Владимирович,Vladimirovich,заместитель директора департамента,Deputy Director of the Department,чрезвычайный и полномочный посланник 1 класса,Q139927408,департамент государственного протокола,Department of State Protocol,
294,1721909,1963-01-22,Пугаев,Pugaev,Андрей,Andrey,Евгеньевич,Evgenievich,заместитель директора департамента,Deputy Director of the Department,чрезвычайный и полномочный посланник 1 класса,Q139927408,департамент кадров,HR department,
296,1722324,1959-09-14,Салов,Salov,Владимир,Vladimir,Павлович,Pavlovich,заместитель директора департамента,Deputy Director of the Department,чрезвычайный и полномочный посланник 1 класса,Q139927408,департамент по вопросам новых вызовов и угроз,Department of New Challenges and Threats,
298,1722325,1974-02-05,Самарин,Samarin,Александр,Alexander,Викторович,Viktorovich,заместитель директора департамента,Deputy Director of the Department,чрезвычайный и полномочный посланник 1 класса,Q139927408,первый европейский департамент,First European Department,
299,842125,1962-02-02,Седых,Sedykh,Владимир,Vladimir,Васильевич,Vasilievich,заместитель директора департамента,Deputy Director of the Department,чрезвычайный и полномочный посланник 1 класса,Q139927408,третий европейский департамент,Third European Department,
303,1721932,1970-08-08,Сумкин,Sumkin,Григорий,Gregory,Владимирович,Vladimirovich,заместитель директора департамента,Deputy Director of the Department,чрезвычайный и полномочный посланник 1 класса,Q139927408,департамент общеевропейского сотрудничества,Department of Pan-European Cooperation,
304,838585,1961-07-19,Тарасенко,Tarasenko,Сергей,Sergey,Михайлович,Mikhailovich,заместитель директора департамента,Deputy Director of the Department,чрезвычайный и полномочный посланник 1 класса,Q139927408,департамент по вопросам новых вызовов и угроз,Department of New Challenges and Threats,
306,844340,1960-03-27,Токмаков,Tokmakov,Владимир,Vladimir,Георгиевич,Georgievich,генеральный консул российской федерации,Consul General of the Russian Federation,чрезвычайный и полномочный посланник 1 класса,Q139927408,"генеральное консульство российской федерации в сан-паулу, федеративная республика бразилия","Consulate General of the Russian Federation in Sao Paulo, Federative Republic of Brazil",Q155
309,1722328,1963-02-23,Тряпицын,Tryapitsyn,Виталий,Vitaly,Евгеньевич,Evgenievich,посол по особым поручениям,Ambassador-at-Large,чрезвычайный и полномочный посланник 1 класса,Q139927408,группа послов по особым поручениям мид российской федерации,Group of Ambassadors-at-Large of the Ministry of Foreign Affairs of the Russian Federation,
310,1722074,1968-01-16,Фомин,Fomin,Олег,Oleg,Олегович,Olegovich,генеральный консул российской федерации,Consul General of the Russian Federation,чрезвычайный и полномочный посланник 1 класса,Q139927408,"генеральное консульство российской федерации в дубае, объединенные арабские эмираты","Consulate General of the Russian Federation in Dubai, United Arab Emirates",Q878
311,1722329,1962-05-19,Фролов,Frolov,Андрей,Andrey,Евгеньевич,Evgenievich,заместитель директора департамента,Deputy Director of the Department,чрезвычайный и полномочный посланник 2 класса,Q139927432,консульский департамент,consular department,
312,1722330,1969-11-25,Фролов,Frolov,Петр,Peter,Валерьевич,Valerievich,советник-посланник,Minister-Counselor,чрезвычайный и полномочный посланник 1 класса,Q139927408,посольство российской федерации в республике белоруссия,Embassy of the Russian Federation in the Republic of Belarus,Q184
314,841665,1960-02-26,Хотулев,Khotulev,Иван,Ivan,Брониславович,Bronislavovich,генеральный консул российской федерации,Consul General of the Russian Federation,чрезвычайный и полномочный посланник 1 класса,Q139927408,"генеральное консульство российской федерации в зальцбурге, австрия","Consulate General of the Russian Federation in Salzburg, Austria",Q40
315,1721956,1960-12-17,Шаманов,Shamans,Олег,Oleg,Анатольевич,Anatolyevich,советник-посланник,Minister-Counselor,чрезвычайный и полномочный посланник 1 класса,Q139927408,посольство российской федерации в королевстве таиланд,Embassy of the Russian Federation in the Kingdom of Thailand,Q869
316,1722078,1966-01-16,Шарашкин,Sharashkin,Андрей,Andrey,Евгеньевич,Evgenievich,генеральный консул российской федерации,Consul General of the Russian Federation,чрезвычайный и полномочный посланник 1 класса,Q139927408,"генеральное консульство российской федерации в гамбурге, федеративная республика германия","Consulate General of the Russian Federation in Hamburg, Federal Republic of Germany",Q183
317,1722331,1955-11-10,Шостак,Shostak,Анатолий,Anatoly,Викторович,Viktorovich,посол по особым поручениям,Ambassador-at-Large,чрезвычайный и полномочный посланник 1 класса,Q139927408,группа послов по особым поручениям мид российской федерации,Group of Ambassadors-at-Large of the Ministry of Foreign Affairs of the Russian Federation,
318,1721961,1963-01-29,Штодин,Shtodin,Дмитрий,Dmitry,Ильич,Ilyich,генеральный консул российской федерации,Consul General of the Russian Federation,чрезвычайный и полномочный посланник 1 класса,Q139927408,"генеральное консульство российской федерации в милане, итальянская республика","Consulate General of the Russian Federation in Milan, Italian Republic",Q38
321,845787,1958-08-06,Юшманов,Yushmanov,Андрей,Andrey,Константинович,Konstantinovich,ведущий эксперт,leading expert,чрезвычайный и полномочный посланник 1 класса,Q139927408,департамент безопасности,Security Department,
322,1721784,1974-06-29,Абакаров,Abakarov,Юсуп,Yusup,Мурадбекович,Muradbekovich,генеральный консул,Consul General,чрезвычайный и полномочный посланник 2 класса,Q139927432,"генеральное консульство российской федерации в джидде, королевство саудовская аравия","Consulate General of the Russian Federation in Jeddah, Kingdom of Saudi Arabia",Q851
323,834690,1970-02-15,Аблаев,Ablaev,Азамат,Azamat,Ирекович,Irekovich,заместитель директора департамента,Deputy Director of the Department,чрезвычайный и полномочный посланник 2 класса,Q139927432,департамент кадров,HR department,
324,1722023,1974-07-17,Авдеев,Avdeev,Андрей,Andrey,Станиславович,Stanislavovich,заместитель директора департамента,Deputy Director of the Department,чрезвычайный и полномочный посланник 2 класса,Q139927432,"департамент по связям с субъектами федерации,парламентом и общественными объединениями","Department for Relations with Federal Subjects, Parliament, and Public Associations",
325,845267,1959-06-12,Авдеев,Avdeev,Олег,Oleg,Николаевич,Nikolaevich,генеральный консул российской федерации,Consul General of the Russian Federation,чрезвычайный и полномочный посланник 2 класса,Q139927432,"генеральное консульство российской федерации в ченнаи, республика индия","Consulate General of the Russian Federation in Chennai, Republic of India",Q668
326,835092,1960-07-23,Алифанов,Alifanov,Сергей,Sergey,Дмитриевич,Dmitrievich,заместитель директора департамента,Deputy Director of the Department,чрезвычайный и полномочный посланник 2 класса,Q139927432,департамент дипломатическо-курьерской связи,Department of Diplomatic and Courier Communications,
327,837467,1960-11-24,Андреев,Andreev,Владимир,Vladimir,Вадимович,Vadimovich,заместитель директора департамента,Deputy Director of the Department,чрезвычайный и полномочный посланник 2 класса,Q139927432,департамент по работе с соотечественниками за рубежом,Department for Work with Compatriots Abroad,
328,1721786,1974-06-29,Андриашин,Andriashin,Сергей,Sergey,,,советник-посланник,Minister-Counselor,чрезвычайный и полномочный посланник 2 класса,Q139927432,посольство российской федерации в исландии,Embassy of the Russian Federation in Iceland,Q189
329,1722027,1962-10-02,Анисимов,Anisimov,Леонид,Leonid,Владимирович,Vladimirovich,советник-посланник,Minister-Counselor,чрезвычайный и полномочный посланник 2 класса,Q139927432,посольство российской федерации в финляндской республике,Embassy of the Russian Federation in the Republic of Finland,Q33
330,841014,,Антонюк,Antonyuk,Владислав,Vladislav,Викторович,Viktorovich,заместитель директора департамента,Deputy Director of the Department,чрезвычайный и полномочный посланник 2 класса,Q139927432,департамент по вопросам нераспространения и контроля над вооружениями,Department for Non-Proliferation and Arms Control,
331,836625,1959-01-06,Аржаев,Arzhaev,Игорь,Igor,Николаевич,Nikolaevich,генеральный консул российской федерации,Consul General of the Russian Federation,чрезвычайный и полномочный посланник 2 класса,Q139927432,"генеральное консульство российской федерации в сиднее, австралия","Consulate General of the Russian Federation in Sydney, Australia",Q408
332,1722028,1979-09-11,Аристов,Aristov,Андрей,Andrey,Андреевич,Andreevich,советник-посланник,Minister-Counselor,чрезвычайный и полномочный посланник 2 класса,Q139927432,посольство российской федерации в республике ирак,Embassy of the Russian Federation in the Republic of Iraq,Q796
333,1722029,1966-03-02,Артамонов,Artamonov,Александр,Alexander,Ростиславович,Rostislavovich,главный советник департамента,chief adviser of the department,чрезвычайный и полномочный посланник 2 класса,Q139927432,департамент азиатского и тихоокеанского сотрудничества,Department of Asian and Pacific Cooperation,
334,1722332,1980-09-23,Бабушкин,Grandma's,Роман,Novel,Николаевич,Nikolaevich,советник-посланник,Minister-Counselor,чрезвычайный и полномочный посланник 2 класса,Q139927432,посольство российской федерации в республике индии,Embassy of the Russian Federation in the Republic of India,Q668
335,1721787,1978-11-15,Бакеева,Bakeeva,Екатерина,Catherine,Николаевна,Nikolaevna,заместитель директора департамента,Deputy Director of the Department,чрезвычайный и полномочный посланник 2 класса,Q139927432,третий департамент азии,Third Department of Asia,
336,1721788,1970-07-09,Барабанов,Drums,Вадим,Vadim,Леонидович,Leonidovich,советник-посланник,Minister-Counselor,чрезвычайный и полномочный посланник 2 класса,Q139927432,посольство российской федерации в тунисской республике,Embassy of the Russian Federation in the Tunisian Republic,Q948
339,1721789,1974-12-27,Барилович,Barilovich,Михаил,Michael,Анатольевич,Anatolyevich,заместитель директора департамента,Deputy Director of the Department,чрезвычайный и полномочный посланник 2 класса,Q139927432,департамент лингвистического обеспечения,Department of Linguistic Support,
340,1721790,1981-03-24,Батадеев,Batadeev,Александр,Alexander,Викторович,Viktorovich,советник-посланник,Minister-Counselor,чрезвычайный и полномочный посланник 2 класса,Q139927432,посольство российской федерации в мексиканских соединенных штатах,Embassy of the Russian Federation in the United Mexican States,Q96
341,838592,1963-06-15,Батманов,Batmanov,Андрей,Andrey,Кимович,Kimovich,главный советник департамента,chief adviser of the department,чрезвычайный и полномочный посланник 2 класса,Q139927432,департамент ситуационно-кризисный центр,Department of Crisis Management Center,
342,1722334,1959-08-12,Белецкий,Beletsky,Владимир,Vladimir,Викторович,Viktorovich,заместитель директора департамента,Deputy Director of the Department,чрезвычайный и полномочный посланник 2 класса,Q139927432,"департамент по связям с субъектами федерации,парламентом и общественными объединениями","Department for Relations with Federal Subjects, Parliament, and Public Associations",
343,1722335,1965-08-17,Белов,Belov,Дмитрий,Dmitry,Вадимович,Vadimovich,заместитель директора департамента,Deputy Director of the Department,чрезвычайный и полномочный посланник 2 класса,Q139927432,латиноамериканский департамент,Latin American Department,
344,1722336,1962-10-23,Белоносов,Belonosov,Алексей,Alexey,Юрьевич,Yuryevich,главный советник департамента,chief adviser of the department,чрезвычайный и полномочный посланник 2 класса,Q139927432,"департамент по связям с субъектами федерации,парламентом и общественными объединениями","Department for Relations with Federal Subjects, Parliament, and Public Associations",
345,1722337,1966-03-21,Белоусов,Belousov,Андрей,Andrey,Иванович,Ivanovich,заместитель постоянного представителя,Deputy Permanent Representative,чрезвычайный и полномочный посланник 2 класса,Q139927432,"постоянное представительство российской федерации при отделении оон и других международных организациях в женеве, швейцарская конфедерация","Permanent Mission of the Russian Federation to the UN Office and other international organizations in Geneva, Swiss Confederation",Q39
346,1722338,1975-03-17,Берсенев,Bersenev,Константин,Konstantin,Алексеевич,Alekseevich,заместитель директора департамента,Deputy Director of the Department,чрезвычайный и полномочный посланник 2 класса,Q139927432,четвертый европейский департамент,Fourth European Department,
347,1722339,1973-07-11,Бессонов,Bessonov,Евгений,Evgeny,Геннадьевич,Gennadievich,заместитель директора департамента,Deputy Director of the Department,чрезвычайный и полномочный посланник 2 класса,Q139927432,департамент международных организаций,Department of International Organizations,
348,1721793,1961-03-19,Бибишев,Bibishev,Андрей,Andrey,Александрович,Alexandrovich,генеральный консул российской федерации,Consul General of the Russian Federation,чрезвычайный и полномочный посланник 2 класса,Q139927432,"генеральное консульство российской федерации в оше, киргизская республика","Consulate General of the Russian Federation in Osh, Kyrgyz Republic",Q813
349,1721794,1968-05-28,Билялитдинов,Bilyalitdinov,Амир,Amir,Анверович,Anverovich,заместитель директора департамента,Deputy Director of the Department,чрезвычайный и полномочный посланник 2 класса,Q139927432,четвертый департамент стран снг,Fourth Department of the CIS countries,
350,1721795,1969-12-03,Биричевская,Birichevskaya,Ольга,Olga,Юрьевна,Yuryevna,заместитель директора департамента,Deputy Director of the Department,чрезвычайный и полномочный посланник 2 класса,Q139927432,третий департамент стран снг,Third Department of the CIS countries,
351,1722340,1960-04-29,Боголюбов,Bogolyubov,Сергей,Sergey,,,заместитель директора департамента,Deputy Director of the Department,чрезвычайный и полномочный посланник 2 класса,Q139927432,генеральный секретариат (департамент),General Secretariat (Department),
352,1722341,1975-02-21,Богомолова,Bogomolov,Анна,Anna,Павловна,Pavlovna,заместитель директора департамента,Deputy Director of the Department,чрезвычайный и полномочный посланник 2 класса,Q139927432,генеральный секретариат (департамент),General Secretariat (Department),
353,839245,,Болтаев,Boltaev,Джамшед,Jamshed,Мухамедович,Mukhamedovich,генеральный консул российской федерации,Consul General of the Russian Federation,чрезвычайный и полномочный посланник 2 класса,Q139927432,"генеральное консульство российской федерации в басре, республика ирак","Consulate General of the Russian Federation in Basra, Republic of Iraq",Q796
354,845408,1966-01-30,Бондаренко,Bondarenko,Валерий,Valery,Алексеевич,Alekseevich,начальник отдела в департаменте,head of department in the department,чрезвычайный и полномочный посланник 2 класса,Q139927432,третий департамент стран снг,Third Department of the CIS countries,
355,1722342,1967-09-01,Бородин,Borodin,Дмитрий,Dmitry,Андреевич,Andreevich,заместитель директора департамента,Deputy Director of the Department,чрезвычайный и полномочный посланник 2 класса,Q139927432,департамент ситуационно-кризисный центр,Department of Crisis Management Center,
356,1721797,1958-07-26,Боряк,Boryak,Василий,Vasily,Владимирович,Vladimirovich,ведущий эксперт,leading expert,чрезвычайный и полномочный посланник 2 класса,Q139927432,департамент северной америки,Department of North America,
357,1722343,1977-01-22,Бредихин,Bredikhin,Олег,Oleg,Николаевич,Nikolaevich,заместитель директора департамента,Deputy Director of the Department,чрезвычайный и полномочный посланник 2 класса,Q139927432,четвертый европейский департамент,Fourth European Department,
358,1722344,1964-06-22,Бубликов,Bagels,Вадим,Vadim,Владимирович,Vladimirovich,заместитель директора департамента,Deputy Director of the Department,чрезвычайный и полномочный посланник 2 класса,Q139927432,третий департамент азии,Third Department of Asia,
359,1722345,1960-05-12,Будаев,Budaev,Александр,Alexander,Николаевич,Nikolaevich,генеральный консул российской федерации,Consul General of the Russian Federation,чрезвычайный и полномочный посланник 2 класса,Q139927432,"генеральное консульство российской федерации в хайфе,государство израиль","Consulate General of the Russian Federation in Haifa, State of Israel",Q801
360,1722346,1968-10-07,Букин,Bukin,Дмитрий,Dmitry,Васильевич,Vasilievich,заместитель директора департамента,Deputy Director of the Department,чрезвычайный и полномочный посланник 2 класса,Q139927432,департамент международной информационной безопасности,Department of International Information Security,
361,1395512,,Булгаков,Bulgakov,Илья,Ilya,Андреевич,Andreevich,советник-посланник,Minister-Counselor,чрезвычайный и полномочный посланник 2 класса,Q139927432,посольство российской федерации в иорданском хашимитском королевстве,Embassy of the Russian Federation in the Hashemite Kingdom of Jordan,Q810
362,838897,1962-11-24,Буравов,Buravov,Андрей,Andrey,Вячеславович,Vyacheslavovich,генеральный консул российской федерации,Consul General of the Russian Federation,чрезвычайный и полномочный посланник 2 класса,Q139927432,"генеральное консульство российской федерации в стамбуле, турецкая республика","Consulate General of the Russian Federation in Istanbul, Republic of Turkey",Q43
363,834766,1961-12-19,Бурмистров,Burmistrov,Борис,Boris,Аркадьевич,Arkadyevich,генеральный консул российской федерации,Consul General of the Russian Federation,чрезвычайный и полномочный посланник 2 класса,Q139927432,"генеральное консульство российской федерации в исфагане, исламская республика иран","Consulate General of the Russian Federation in Isfahan, Islamic Republic of Iran",Q794
364,1721801,1979-09-14,Буякевич,Buyakevich,Максим,Maxim,Витальевич,Vitalievich,заместитель постоянного представителя,Deputy Permanent Representative,чрезвычайный и полномочный посланник 2 класса,Q139927432,"постоянное представительство российской федерации при организации по безопасности и сотрудничеству в европе (обсе) в вене, австрийская республика","Permanent Mission of the Russian Federation to the Organization for Security and Cooperation in Europe (OSCE) in Vienna, Republic of Austria",Q40
365,834864,1964-01-16,Вадов,Vadov,Андрей,Andrey,Георгиевич,Georgievich,генеральный консул российской федерации,Consul General of the Russian Federation,чрезвычайный и полномочный посланник 2 класса,Q139927432,"генконсульство российской федерации в реште, исламская республика иран","Consulate General of the Russian Federation in Reshta, Islamic Republic of Iran",Q794
366,1721802,1978-09-21,Варганов,Varganov,Евгений,Evgeny,Юрьевич,Yuryevich,заместитель директора департамента,Deputy Director of the Department,чрезвычайный и полномочный посланник 2 класса,Q139927432,департамент экономического сотрудничества,Department of Economic Cooperation,
367,1721803,1967-07-13,Варич,Varich,Николай,Nikolay,Николаевич,Nikolaevich,заместитель директора департамента,Deputy Director of the Department,чрезвычайный и полномочный посланник 2 класса,Q139927432,департамент африки,Department of Africa,
368,1722032,1969-04-20,Варламов,Varlamov,Андрей,Andrey,Николаевич,Nikolaevich,генеральный консул российской федерации,Consul General of the Russian Federation,чрезвычайный и полномочный посланник 2 класса,Q139927432,"генконсульство российской федерации в гродно, республика белоруссия","Consulate General of the Russian Federation in Grodno, Republic of Belarus",Q184
369,1722347,1959-01-26,Варламов,Varlamov,Игорь,Igor,Николаевич,Nikolaevich,советник-посланник,Minister-Counselor,чрезвычайный и полномочный посланник 2 класса,Q139927432,посольство российской федерации в республике колумбии,Embassy of the Russian Federation in the Republic of Colombia,Q739
370,1722348,1972-03-30,Васильев,Vasiliev,Вадим,Vadim,Игорьевич,Igorevich,главный советник департамента,chief adviser of the department,чрезвычайный и полномочный посланник 2 класса,Q139927432,департамент по многостороннему гуманитарному сотрудничеству и культурным связям,Department of Multilateral Humanitarian Cooperation and Cultural Relations,
371,1722349,1979-03-28,Васильев,Vasiliev,Сергей,Sergey,Юрьевич,Yuryevich,заместитель постоянного представителя,Deputy Permanent Representative,чрезвычайный и полномочный посланник 2 класса,Q139927432,"постоянное представительство российской федерации при отделении оон и других международных организациях в женеве, швейцарская конфедерация","Permanent Mission of the Russian Federation to the UN Office and other international organizations in Geneva, Swiss Confederation",Q184
371,1722349,1979-03-28,Васильев,Vasiliev,Сергей,Sergey,Юрьевич,Yuryevich,заместитель постоянного представителя,Deputy Permanent Representative,чрезвычайный и полномочный посланник 2 класса,Q139927432,"постоянное представительство российской федерации при отделении оон и других международных организациях в женеве, швейцарская конфедерация","Permanent Mission of the Russian Federation to the UN Office and other international organizations in Geneva, Swiss Confederation",Q39
372,1721804,1980-04-10,Василян,Vasilyan,Карен,Karen,Ашотович,Ashotovich,генеральный консул российской федерации,Consul General of the Russian Federation,чрезвычайный и полномочный посланник 2 класса,Q139927432,"генконсульство российской федерации в александрии, арабская республика египет","Consulate General of the Russian Federation in Alexandria, Arab Republic of Egypt",Q79
373,834226,,Васина,Vasina,Виктория,Victoria,Михайловна,Mikhailovna,заместитель директора департамента,Deputy Director of the Department,чрезвычайный и полномочный посланник 2 класса,Q139927432,департамент государственного протокола,Department of State Protocol,
374,1721805,1976-12-15,Ведринская,Vedrinskaya,Мария,Maria,Евгеньевна,Evgenievna,генеральный консул российской федерации,Consul General of the Russian Federation,чрезвычайный и полномочный посланник 2 класса,Q139927432,"генконсульство российской федерации в генуе, итальянская республика","Consulate General of the Russian Federation in Genoa, Italian Republic",Q38
376,1721806,1981-04-20,Ветрик,Wind,Сергей,Sergey,,,генеральный консул российской федерации,Consul General of the Russian Federation,чрезвычайный и полномочный посланник 2 класса,Q139927432,"генконсульство российской федерации в анталье, турецкая республика","Consulate General of the Russian Federation in Antalya, Turkey",Q43
377,1721807,1967-09-12,Вешкурцев,Veshkurtsev,Василий,Vasily,Михайлович,Mikhailovich,советник-посланник,Minister-Counselor,чрезвычайный и полномочный посланник 2 класса,Q139927432,посольство российской федерации в австрийской республике,Embassy of the Russian Federation in the Republic of Austria,Q40
378,1722350,1966-12-18,Владимиров,Vladimirov,Андрей,Andrey,Юрьевич,Yuryevich,главный советник департамента,chief adviser of the department,чрезвычайный и полномочный посланник 2 класса,Q139927432,третий департамент стран снг,Third Department of the CIS countries,
379,1721809,1980-10-21,Владышевский,Vladyshevsky,Феодосий,Theodosius,Александрович,Alexandrovich,генеральный консул российской федерации,Consul General of the Russian Federation,чрезвычайный и полномочный посланник 2 класса,Q139927432,"генеральное консульство российской федерации в гродно, республика белоруссия","Consulate General of the Russian Federation in Grodno, Republic of Belarus",
380,1722351,1968-01-04,Волков,Volkov,Максим,Maxim,Геннадьевич,Gennadievich,заместитель директора департамента,Deputy Director of the Department,чрезвычайный и полномочный посланник 2 класса,Q139927432,первый департамент азии,First Department of Asia,
381,1722352,1980-06-08,Володин,Volodin,Иван,Ivan,Алексеевич,Alekseevich,заместитель директора департамента,Deputy Director of the Department,чрезвычайный и полномочный посланник 2 класса,Q139927432,правовой департамент,legal department,
382,1721811,1975-12-05,Волоковых,Volokovs,Петр,Peter,Сергеевич,Sergeevich,советник-посланник,Minister-Counselor,чрезвычайный и полномочный посланник 2 класса,Q139927432,посольство российской федерации в азербайджанской республике,Embassy of the Russian Federation in the Republic of Azerbaijan,Q227
383,1722353,1983-09-18,Воронцов,Vorontsov,Константин,Konstantin,Витальевич,Vitalievich,заместитель директора департамента,Deputy Director of the Department,чрезвычайный и полномочный посланник 2 класса,Q139927432,департамент по вопросам нераспространения и контроля над вооружениями,Department for Non-Proliferation and Arms Control,
385,1721813,1977-05-21,Воскресенский,Voskresensky,Филипп,Philip,Сергеевич,Sergeevich,начальник отдела в департаменте,head of department in the department,чрезвычайный и полномочный посланник 2 класса,Q139927432,департамент информации и печати,Department of Information and Press,
386,1721814,1971-05-19,Вушкарник,Vushkarnik,Антон,Anton,Валерьевич,Valerievich,заместитель постоянного представителя,Deputy Permanent Representative,чрезвычайный и полномочный посланник 2 класса,Q139927432,"постоянное представительство российской федерации при организации по безопасности и сотрудничеству в европе (обсе) в вене, австрийская республика","Permanent Mission of the Russian Federation to the Organization for Security and Cooperation in Europe (OSCE) in Vienna, Republic of Austria",Q40
387,1722355,1981-09-30,Гаврилов,Gavrilov,Олег,Oleg,Владимирович,Vladimirovich,заместитель директора департамента,Deputy Director of the Department,чрезвычайный и полномочный посланник 2 класса,Q139927432,департамент информации и печати,Department of Information and Press,
389,1722034,1980-02-25,Галактионова,Galaktionova,Елена,Elena,Владимировна,Vladimirovna,директор департамента,director of the department,чрезвычайный и полномочный посланник 2 класса,Q139927432,департамент по многостороннему гуманитарному сотрудничеству и культурным связям,Department of Multilateral Humanitarian Cooperation and Cultural Relations,
390,1722356,1982-12-03,Гарибян,Garibyan,Тигран,Tigran,Левонович,Levonovich,советник-посланник,Minister-Counselor,чрезвычайный и полномочный посланник 2 класса,Q139927432,посольство российской федерации в венгрии,Embassy of the Russian Federation in Hungary,Q28
391,1722357,1980-12-26,Геворкян,Gevorkyan,Рафаэл,Raphael,Самвелович,Samvelovich,советник-посланник,Minister-Counselor,чрезвычайный и полномочный посланник 2 класса,Q139927432,посольство российской федерации в исламской республике иран,Embassy of the Russian Federation in the Islamic Republic of Iran,Q794
392,1722358,1960-02-28,Голуб,Dove,Алексей,Alexey,Иванович,Ivanovich,заместитель директора департамента,Deputy Director of the Department,чрезвычайный и полномочный посланник 2 класса,Q139927432,"департамент по связям с субъектами федерации,парламентом и общественными объединениями","Department for Relations with Federal Subjects, Parliament, and Public Associations",
393,1721816,1978-09-10,Голубовский,Golubovsky,Руслан,Ruslan,Юрьевич,Yuryevich,генеральный консул,Consul General,чрезвычайный и полномочный посланник 2 класса,Q139927432,"генеральное консульство российской федерации в кейптауне, южно-африканская республика","Consulate General of the Russian Federation in Cape Town, South Africa",Q258
394,1721817,1969-09-25,Гоменюк,Gomenyuk,Александр,Alexander,Евгеньевич,Evgenievich,заместитель директора департамента,Deputy Director of the Department,чрезвычайный и полномочный посланник 2 класса,Q139927432,генеральный секретариат (департамент),General Secretariat (Department),
395,1722359,1970-12-10,Горбунов,Gorbunov,Иван,Ivan,Николаевич,Nikolaevich,заместитель директора департамента,Deputy Director of the Department,чрезвычайный и полномочный посланник 2 класса,Q139927432,четвертый европейский департамент,Fourth European Department,
396,1722360,1976-07-13,Горшкова,Gorshkova,Елена,Elena,Вячеславовна,Vyacheslavovna,заместитель директора департамента,Deputy Director of the Department,чрезвычайный и полномочный посланник 2 класса,Q139927432,департамент кадров,HR department,
397,1722361,1971-02-19,Градов,Gradov,Сергей,Sergey,Викторович,Viktorovich,заместитель директора департамента,Deputy Director of the Department,чрезвычайный и полномочный посланник 2 класса,Q139927432,валютно-финансовый департамент,currency and financial department,
398,1721818,1976-10-08,Гребенщиков,Grebenshchikov,Всеволод,Vsevolod,Эдуардович,Eduardovich,заместитель директора департамента,Deputy Director of the Department,чрезвычайный и полномочный посланник 2 класса,Q139927432,департамент внешнеполитического планирования,Department of Foreign Policy Planning,
401,1722363,1974-06-17,Григорьев,Grigoriev,Алексей,Alexey,Юрьевич,Yuryevich,заместитель директора департамента,Deputy Director of the Department,чрезвычайный и полномочный посланник 2 класса,Q139927432,первый европейский департамент,First European Department,
402,1721819,1969-07-26,Гуенков,Guenkov,Валерий,Valery,Иванович,Ivanovich,советник-посланник,Minister-Counselor,чрезвычайный и полномочный посланник 2 класса,Q139927432,посольство российской федерации в республике корея,Embassy of the Russian Federation in the Republic of Korea,Q884
403,1722364,1981-09-24,Гусаров,Gusarov,Александр,Alexander,Евгеньевич,Evgenievich,директор департамента,director of the department,чрезвычайный и полномочный посланник 2 класса,Q139927432,департамент северной атлантики,Department of the North Atlantic,
404,1722365,1981-09-05,Гущин,Gushchin,Сергей,Sergey,Владимирович,Vladimirovich,советник-посланник,Minister-Counselor,чрезвычайный и полномочный посланник 2 класса,Q139927432,посольство российской федерации во французской республике,Embassy of the Russian Federation in the French Republic,Q142
405,836737,1971-07-07,Гущин,Gushchin,Сергей,Sergey,Сергеевич,Sergeevich,главный советник департамента,chief adviser of the department,чрезвычайный и полномочный посланник 2 класса,Q139927432,второй европейский департамент,Second European Department,
406,1721820,1968-09-25,Даровских,Darovskikh,Федор,Fedor,Олегович,Olegovich,главный советник департамента,chief adviser of the department,чрезвычайный и полномочный посланник 2 класса,Q139927432,латиноамериканский департамент,Latin American Department,
407,1722366,1981-08-04,Дегтярев,Degtyarev,Константин,Konstantin,Петрович,Petrovich,заместитель директора департамента,Deputy Director of the Department,чрезвычайный и полномочный посланник 2 класса,Q139927432,департамент кадров,HR department,
408,1721822,1981-02-15,Демурин,Demurin,Дмитрий,Dmitry,,,заместитель директора департамента,Deputy Director of the Department,чрезвычайный и полномочный посланник 2 класса,Q139927432,второй департамент стран снг,Second Department of the CIS countries,
409,1721823,1963-06-19,Демяненко,Demyanenko,Игорь,Igor,Витальевич,Vitalievich,зам.руководителя терр.органа в субъекте рф-зам.представ.мин-ва,Deputy head of the territorial body in the constituent entity of the Russian Federation - deputy representative of the Ministry of Foreign Affairs,чрезвычайный и полномочный посланник 2 класса,Q139927432,представительство мид россии в санкт-петербурге,Representative Office of the Russian Ministry of Foreign Affairs in St. Petersburg,Q159
410,1721824,1964-11-23,Джиоев,Dzhioev,Азар,Hazard,Заурбегович,Zaurbegovich,заместитель постоянного представителя,Deputy Permanent Representative,чрезвычайный и полномочный посланник 2 класса,Q139927432,"постоянное представительство российской федерации при организации по запрещению химического оружия в гааге, королевство нидерландов","Permanent Mission of the Russian Federation to the Organization for the Prohibition of Chemical Weapons in The Hague, Kingdom of the Netherlands",Q29999
411,1722367,1979-02-12,Дмитриченко,Dmitrichenko,Андрей,Andrey,Иванович,Ivanovich,советник-посланник,Minister-Counselor,чрезвычайный и полномочный посланник 2 класса,Q139927432,посольство российской федерации в королевстве таиланд,Embassy of the Russian Federation in the Kingdom of Thailand,Q869
412,842492,1978-01-19,Доровских,Dorovskikh,Алексей,Alexey,Борисович,Borisovich,генеральный консул российской федерации,Consul General of the Russian Federation,чрезвычайный и полномочный посланник 2 класса,Q139927432,"генеральное консульство российской федерации в женеве, швейцарская конфедерация","Consulate General of the Russian Federation in Geneva, Swiss Confederation",Q39
413,1722368,1973-07-18,Дорохин,Dorokhin,Константин,Konstantin,Сергеевич,Sergeevich,советник-посланник,Minister-Counselor,чрезвычайный и полномочный посланник 2 класса,Q139927432,посольство российской федерации в республике колумбия,Embassy of the Russian Federation in the Republic of Colombia,Q739
414,1722369,1960-12-14,Дронов,Dronov,Андрей,Andrey,Юрьевич,Yuryevich,генеральный консул российской федерации,Consul General of the Russian Federation,чрезвычайный и полномочный посланник 2 класса,Q139927432,"генеральное консульство российской федерации в лейпциге, федеративная республика германия","Consulate General of the Russian Federation in Leipzig, Federal Republic of Germany",Q183
415,1722370,1975-05-12,Дудник,Angelica,Оксана,Oksana,Сергеевна,Sergeevna,генеральный консул российской федерации,Consul General of the Russian Federation,чрезвычайный и полномочный посланник 2 класса,Q139927432,"генеральное консульство российской федерации в пусане, республика корея","Consulate General of the Russian Federation in Busan, Republic of Korea",Q884
416,1721826,1968-12-13,Дьяконенко,Dyakonenko,Сергей,Sergey,Александрович,Alexandrovich,заместитель директора департамента,Deputy Director of the Department,чрезвычайный и полномочный посланник 2 класса,Q139927432,генеральный секретариат (департамент),General Secretariat (Department),
417,360463,,Дьяков,Dyakov,Владимир,Vladimir,Александрович,Alexandrovich,советник-посланник,Minister-Counselor,чрезвычайный и полномочный посланник 2 класса,Q139927432,посольство российской федерации в республике северной македонии,Embassy of the Russian Federation in the Republic of North Macedonia,Q221
418,1722371,1982-09-23,Дьяченко,Dyachenko,Сергей,Sergey,Владимирович,Vladimirovich,заместитель директора департамента,Deputy Director of the Department,чрезвычайный и полномочный посланник 2 класса,Q139927432,первый департамент стран снг,First Department of the CIS countries,
419,1722372,1975-08-24,Дьячков,Dyachkov,Денис,Denis,Геннадьевич,Gennadievich,советник-посланник,Minister-Counselor,чрезвычайный и полномочный посланник 2 класса,Q139927432,посольство российской федерации в аргентинской республике,Embassy of the Russian Federation in the Argentine Republic,Q414
420,1722373,1959-08-02,Евсеев,Evseev,Виктор,Victor,Викторович,Viktorovich,начальник отдела в департаменте,head of department in the department,чрезвычайный и полномочный посланник 2 класса,Q139927432,департамент африки,Department of Africa,
421,1722374,1980-12-17,Евстигнеева,Evstigneeva,Анна,Anna,Михайловна,Mikhailovna,заместитель постоянного представителя,Deputy Permanent Representative,чрезвычайный и полномочный посланник 2 класса,Q139927432,"постоянное представительство российской федерации при оон в нью-йорке, соединенные штаты америки","Permanent Mission of the Russian Federation to the United Nations in New York, United States of America",Q30
422,1722375,1964-04-05,Егоров,Egorov,Олег,Oleg,Романович,Romanovich,заместитель директора департамента,Deputy Director of the Department,чрезвычайный и полномочный посланник 2 класса,Q139927432,департамент по работе с соотечественниками за рубежом,Department for Work with Compatriots Abroad,
423,1722376,1967-08-01,Елкин,Elkin,Михаил,Michael,Владимирович,Vladimirovich,заместитель директора департамента,Deputy Director of the Department,чрезвычайный и полномочный посланник 2 класса,Q139927432,второй департамент стран снг,Second Department of the CIS countries,
424,1721783,1979-07-15,Ёлкин,Yolkin,Александр,Alexander,Георгиевич,Georgievich,советник-посланник,Minister-Counselor,чрезвычайный и полномочный посланник 2 класса,Q139927432,посольство российской федерации в литовской республике,Embassy of the Russian Federation in the Republic of Lithuania,Q37
425,1722038,,Епифанов,Epifanov,Владлен,Vladlen,Викторович,Viktorovich,генеральный консул российской федерации,Consul General of the Russian Federation,чрезвычайный и полномочный посланник 2 класса,Q139927432,"генеральное консульство российской федерации в торонто, канада","Consulate General of the Russian Federation in Toronto, Canada",Q16
426,1722377,1972-04-15,Журавлев,Zhuravlev,Роман,Novel,Игоревич,Igorevich,заместитель директора департамента,Deputy Director of the Department,чрезвычайный и полномочный посланник 2 класса,Q139927432,первый департамент азии,First Department of Asia,
427,1722378,1974-12-27,Журов,Zhurov,Александр,Alexander,Викторович,Viktorovich,советник-посланник,Minister-Counselor,чрезвычайный и полномочный посланник 2 класса,Q139927432,посольство российской федерации в республике южная осетия,Embassy of the Russian Federation in the Republic of South Ossetia,Q23427
428,1722379,1977-10-23,Заболоцкая,Zabolotskaya,Мария,Maria,Владимировна,Vladimirovna,заместитель постоянного представителя,Deputy Permanent Representative,чрезвычайный и полномочный посланник 2 класса,Q139927432,"постоянное представительство российской федерации при оон в нью-йорке, соединенные штаты америки","Permanent Mission of the Russian Federation to the United Nations in New York, United States of America",Q30
429,1722039,1963-07-14,Зайнутдинов,Zainutdinov,Руслан,Ruslan,Амирович,Amirovich,генеральный консул российской федерации,Consul General of the Russian Federation,чрезвычайный и полномочный посланник 2 класса,Q139927432,"генеральное консульство российской федерации в дархане, монголия","Consulate General of the Russian Federation in Darkhan, Mongolia",Q711
430,1721828,1963-03-29,Замятина,Zamyatin,Галина,Galina,Игоревна,Igorevna,главный советник департамента,chief adviser of the department,чрезвычайный и полномочный посланник 2 класса,Q139927432,четвертый европейский департамент,Fourth European Department,
431,1722041,1960-02-18,Захаров,Zakharov,Александр,Alexander,Константинович,Konstantinovich,,#VALUE!,чрезвычайный и полномочный посланник 2 класса,Q139927432,,#VALUE!,
432,1721829,1979-04-23,Зевахин,Zevahin,Тимур,Timur,,,заместитель директора департамента,Deputy Director of the Department,чрезвычайный и полномочный посланник 2 класса,Q139927432,департамент азиатского и тихоокеанского сотрудничества,Department of Asian and Pacific Cooperation,
433,1721830,1974-11-08,Зезюлин,Zezyulin,Александр,Alexander,Николаевич,Nikolaevich,советник-посланник,Minister-Counselor,чрезвычайный и полномочный посланник 2 класса,Q139927432,посольство российской федерации во французской республике,Embassy of the Russian Federation in the French Republic,Q142
434,1722380,1962-08-22,Зеленов,Zelenov,Александр,Alexander,Викторович,Viktorovich,заместитель директора департамента,Deputy Director of the Department,чрезвычайный и полномочный посланник 2 класса,Q139927432,генеральный секретариат (департамент),General Secretariat (Department),
435,1722381,1978-05-02,Иванов,Ivanov,Алексей,Alexey,Юрьевич,Yuryevich,советник-посланник,Minister-Counselor,чрезвычайный и полномочный посланник 2 класса,Q139927432,посольство российской федерации в турецкой республике,Embassy of the Russian Federation in the Republic of Turkey,Q43
436,1721832,,Ивахин,Ivakhin,Андрей,Andrey,Юрьевич,Yuryevich,советник-посланник,Minister-Counselor,чрезвычайный и полномочный посланник 2 класса,Q139927432,посольство российской федерации в монголии,Embassy of the Russian Federation in Mongolia,Q711
437,1721833,1969-11-20,Идамкин,Idamkin,Алексей,Alexey,Михайлович,Mikhailovich,генеральный консул российской федерации,Consul General of the Russian Federation,чрезвычайный и полномочный посланник 2 класса,Q139927432,"генеральное консульство российской федерации в мале, мальдивская республика","Consulate General of the Russian Federation in Male, Republic of Maldives",Q912
438,1722382,1985-10-14,Изотова,Izotova,Екатерина,Catherine,Алексеевна,Alekseevna,помощник министра,assistant to the minister,чрезвычайный и полномочный посланник 2 класса,Q139927432,генеральный секретариат (департамент),General Secretariat (Department),
439,1721834,1968-05-23,Инюшкин,Inyushkin,Игорь,Igor,Николаевич,Nikolaevich,начальник отдела в департаменте,head of department in the department,чрезвычайный и полномочный посланник 2 класса,Q139927432,четвертый европейский департамент,Fourth European Department,
440,1722383,1961-10-21,Истомин,Istomin,Александр,Alexander,Александрович,Alexandrovich,советник-посланник,Minister-Counselor,чрезвычайный и полномочный посланник 2 класса,Q139927432,посольство российской федерации в королевстве саудовская аравия,Embassy of the Russian Federation in the Kingdom of Saudi Arabia,Q851
441,839404,1980-07-03,Калачев,Kalachev,Александр,Alexander,Александрович,Alexandrovich,генеральный консул российской федерации,Consul General of the Russian Federation,чрезвычайный и полномочный посланник 2 класса,Q139927432,"генеральное консульство российской федерации в стамбуле, турецкая республика","Consulate General of the Russian Federation in Istanbul, Republic of Turkey",Q43
442,1722384,1973-05-20,Калашников,Kalashnikov,Николай,Nikolay,Владимирович,Vladimirovich,заместитель директора департамента,Deputy Director of the Department,чрезвычайный и полномочный посланник 2 класса,Q139927432,департамент многостороннего сотрудничества по правам человека,Department of Multilateral Cooperation on Human Rights,
444,1722046,1980-07-03,Калугин,Kalugin,Михаил,Michael,Александрович,Alexandrovich,директор департамента,director of the department,чрезвычайный и полномочный посланник 2 класса,Q139927432,четвертый департамент стран снг,Fourth Department of the CIS countries,
445,1721836,1961-09-04,Кандауров,Kandaurov,Руслан,Ruslan,Измаилович,Izmailovich,генеральный консул российской федерации,Consul General of the Russian Federation,чрезвычайный и полномочный посланник 2 класса,Q139927432,"генеральное консульство российской федерации в гюмри, республика армения","Consulate General of the Russian Federation in Gyumri, Republic of Armenia",Q399
446,1722386,1964-10-03,Капустин,Kapustin,Алексей,Alexey,Владимирович,Vladimirovich,начальник отдела в департаменте,head of department in the department,чрезвычайный и полномочный посланник 2 класса,Q139927432,латиноамериканский департамент,Latin American Department,
447,1722387,1963-02-09,Караваев,Karavaev,Игорь,Igor,Вячеславович,Vyacheslavovich,советник-посланник,Minister-Counselor,чрезвычайный и полномочный посланник 2 класса,Q139927432,посольство российской федерации в королевстве камбоджа,Embassy of the Russian Federation in the Kingdom of Cambodia,Q424
448,845083,,Каргаполов,Kargapolov,Анатолий,Anatoly,Владимирович,Vladimirovich,генеральный консул российской федерации,Consul General of the Russian Federation,чрезвычайный и полномочный посланник 2 класса,Q139927432,"генеральное консульство российской федерации в гонконге (сянгане), китайская народная республика","Consulate General of the Russian Federation in Hong Kong (Xianggang), People's Republic of China",Q865
449,1722047,1963-07-23,Касаткин,Kasatkin,Дмитрий,Dmitry,Витальевич,Vitalievich,начальник отдела в департаменте,head of department in the department,чрезвычайный и полномочный посланник 2 класса,Q139927432,департамент экономического сотрудничества,Department of Economic Cooperation,
450,1721837,1961-11-25,Керестеджиянц,Kerestedzhiyants,Алексей,Alexey,Леонидович,Leonidovich,главный советник департамента,chief adviser of the department,чрезвычайный и полномочный посланник 2 класса,Q139927432,департамент ситуационно-кризисный центр,Department of Crisis Management Center,
451,1722388,1981-11-15,Ким,Kim,Александр,Alexander,Вячеславович,Vyacheslavovich,советник-посланник,Minister-Counselor,чрезвычайный и полномочный посланник 2 класса,Q139927432,посольство российской федерации в соединенных штатах америки,Embassy of the Russian Federation in the United States of America,Q30
452,1722389,1964-03-26,Ким,Kim,Владимир,Vladimir,Эдуардович,Eduardovich,главный советник департамента,chief adviser of the department,чрезвычайный и полномочный посланник 2 класса,Q139927432,генеральный секретариат (департамент),General Secretariat (Department),
453,1722390,1959-11-04,Киселев,Kiselev,Андрей,Andrey,Николаевич,Nikolaevich,советник-посланник,Minister-Counselor,чрезвычайный и полномочный посланник 2 класса,Q139927432,посольство российской федерации в республике хорватии,Embassy of the Russian Federation in the Republic of Croatia,Q224
454,580836,,Климанов,Klimanov,Владимир,Vladimir,Александрович,Alexandrovich,заместитель директора департамента,Deputy Director of the Department,чрезвычайный и полномочный посланник 2 класса,Q139927432,департамент дипломатическо-курьерской связи,Department of Diplomatic and Courier Communications,
455,1722391,1977-03-26,Князева,Knyazeva,Анна,Anna,Александровна,Alexandrovna,заместитель директора департамента,Deputy Director of the Department,чрезвычайный и полномочный посланник 2 класса,Q139927432,правовой департамент,legal department,
456,1722392,1973-05-29,Ковалев,Kovalev,Олег,Oleg,Анатольевич,Anatolyevich,заместитель директора департамента,Deputy Director of the Department,чрезвычайный и полномочный посланник 2 класса,Q139927432,департамент ситуационно-кризисный центр,Department of Crisis Management Center,
457,1722393,1977-10-24,Ковальчук,Kovalchuk,Ирина,Irina,Сергеевна,Sergeevna,заместитель директора департамента,Deputy Director of the Department,чрезвычайный и полномочный посланник 2 класса,Q139927432,первый департамент стран снг,First Department of the CIS countries,
458,1722394,1964-05-05,Козлов,Kozlov,Александр,Alexander,Викторович,Viktorovich,посол по особым поручениям,Ambassador-at-Large,чрезвычайный и полномочный посланник 2 класса,Q139927432,группа послов по особым поручениям мид российской федерации,Group of Ambassadors-at-Large of the Ministry of Foreign Affairs of the Russian Federation,
459,1722395,1977-08-04,Козлов,Kozlov,Александр,Alexander,Леонидович,Leonidovich,заместитель директора департамента,Deputy Director of the Department,чрезвычайный и полномочный посланник 2 класса,Q139927432,второй департамент азии,Second Department of Asia,
460,1722396,1974-10-20,Кокорев,Kokorev,Михаил,Michael,Евгеньевич,Evgenievich,советник-посланник,Minister-Counselor,чрезвычайный и полномочный посланник 2 класса,Q139927432,посольство российской федерации в республике эквадор,Embassy of the Russian Federation in the Republic of Ecuador,Q736
461,1722397,1976-08-28,Колесников,Kolesnikov,Андрей,Andrey,Леонидович,Leonidovich,заместитель директора департамента,Deputy Director of the Department,чрезвычайный и полномочный посланник 2 класса,Q139927432,второй европейский департамент,Second European Department,
462,840832,1964-12-23,Колесников,Kolesnikov,Евгений,Evgeny,Иванович,Ivanovich,начальник отдела в департаменте,head of department in the department,чрезвычайный и полномочный посланник 2 класса,Q139927432,департамент лингвистического обеспечения,Department of Linguistic Support,
463,1722398,,Комаров,Komarov,Евгений,Evgeny,Петрович,Petrovich,помощник министра,assistant to the minister,чрезвычайный и полномочный посланник 2 класса,Q139927432,,#VALUE!,
464,1722399,1977-05-21,Кондаков,Kondakov,Александр,Alexander,Валентинович,Valentinovich,заместитель директора департамента,Deputy Director of the Department,чрезвычайный и полномочный посланник 2 класса,Q139927432,второй департамент стран снг,Second Department of the CIS countries,
465,1721840,,Кондратенков,Kondratenkov,Михаил,Michael,Юрьевич,Yuryevich,заместитель директора департамента,Deputy Director of the Department,чрезвычайный и полномочный посланник 2 класса,Q139927432,департамент по вопросам нераспространения и контроля над вооружениями,Department for Non-Proliferation and Arms Control,
466,1721842,1982-06-06,Коныгин,Konygin,Николай,Nikolay,Александрович,Alexandrovich,генеральный консул российской федерации,Consul General of the Russian Federation,чрезвычайный и полномочный посланник 2 класса,Q139927432,"генеральное консульство российской федерации в киркенесе, королевство норвегия","Consulate General of the Russian Federation in Kirkenes, Kingdom of Norway",Q20
467,1721843,1967-05-12,Конякин,Konyakin,Игорь,Igor,Юрьевич,Yuryevich,начальник отдела в департаменте,head of department in the department,чрезвычайный и полномочный посланник 2 класса,Q139927432,"департамент по связям с субъектами федерации,парламентом и общественными объединениями","Department for Relations with Federal Subjects, Parliament, and Public Associations",
468,1722400,1970-12-09,Копнин,Kopnin,Александр,Alexander,Анатольевич,Anatolyevich,главный советник департамента,chief adviser of the department,чрезвычайный и полномочный посланник 2 класса,Q139927432,департамент по работе с соотечественниками за рубежом,Department for Work with Compatriots Abroad,
469,1722401,1973-08-22,Копнина,Kopnina,Елена,Elena,Сергеевна,Sergeevna,советник-посланник,Minister-Counselor,чрезвычайный и полномочный посланник 2 класса,Q139927432,посольство российской федерации в румынии,Embassy of the Russian Federation in Romania,Q218
470,1721844,1973-05-23,Коржуев,Korzhuev,Алексей,Alexey,Вячеславович,Vyacheslavovich,советник-посланник,Minister-Counselor,чрезвычайный и полномочный посланник 2 класса,Q139927432,посольство российской федерации в королевстве бельгия,Embassy of the Russian Federation in the Kingdom of Belgium,Q31
471,1722402,1964-11-03,Корнеев,Korneev,Михаил,Michael,Юрьевич,Yuryevich,советник-посланник,Minister-Counselor,чрезвычайный и полномочный посланник 2 класса,Q139927432,посольство российской федерации в федеративной демократической республике эфиопии,Embassy of the Russian Federation in the Federal Democratic Republic of Ethiopia,Q115
472,1722048,1964-06-15,Королев,Korolev,Михаил,Michael,Юрьевич,Yuryevich,руководитель территориального органа в субъекте рф - представитель министерства,head of the territorial body in a constituent entity of the Russian Federation - representative of the ministry,чрезвычайный и полномочный посланник 2 класса,Q139927432,представительство мид россии в барнауле,Representative Office of the Russian Ministry of Foreign Affairs in Barnaul,Q159
473,1722403,1968-11-16,Коротков,Korotkov,Андрей,Andrey,Александрович,Alexandrovich,советник министра,Adviser to the Minister,чрезвычайный и полномочный посланник 2 класса,Q139927432,генеральный секретариат (департамент),General Secretariat (Department),
474,1721846,,Коротун,Korotun,Юлия,Julia,Владимировна,Vladimirovna,заместитель директора департамента,Deputy Director of the Department,чрезвычайный и полномочный посланник 2 класса,Q139927432,департамент лингвистического обеспечения,Department of Linguistic Support,
475,1721847,1962-04-02,Корунова,Korunova,Марина,Marina,Олеговна,Olegovna,заместитель директора департамента,Deputy Director of the Department,чрезвычайный и полномочный посланник 2 класса,Q139927432,департамент многостороннего сотрудничества по правам человека,Department of Multilateral Cooperation on Human Rights,
476,1722404,1975-07-30,Косенкова,Kosenkova,Анна,Anna,Владимировна,Vladimirovna,советник-посланник,Minister-Counselor,чрезвычайный и полномочный посланник 2 класса,Q139927432,посольство российской федерации в республике куба,Embassy of the Russian Federation in the Republic of Cuba,Q241
477,1721849,1964-12-25,Косилин,Kosilin,Андрей,Andrey,Алексеевич,Alekseevich,генеральный консул,Consul General,чрезвычайный и полномочный посланник 2 класса,Q139927432,"генеральное консульство российской федерации в констанце, румыния","Consulate General of the Russian Federation in Constanta, Romania",Q218
478,1721850,1959-05-21,Косоногов,Kosonogov,Иван,Ivan,Федорович,Fedorovich,генеральный консул российской федерации,Consul General of the Russian Federation,чрезвычайный и полномочный посланник 2 класса,Q139927432,"генеральное консульство российской федерации в познани, республика польша","Consulate General of the Russian Federation in Poznan, Republic of Poland",Q36
479,1722405,1974-06-02,Коткова,Kotkova,Инна,Inna,Владимировна,Vladimirovna,заместитель директора департамента,Deputy Director of the Department,чрезвычайный и полномочный посланник 2 класса,Q139927432,правовой департамент,legal department,
480,1722406,1985-10-14,Кошкин,Koshkin,Василий,Vasily,Николаевич,Nikolaevich,заместитель директора департамента,Deputy Director of the Department,чрезвычайный и полномочный посланник 2 класса,Q139927432,департамент кадров,HR department,
481,1721851,1975-05-30,Краминцев,Kramintsev,Сергей,Sergey,Анатольевич,Anatolyevich,советник-посланник,Minister-Counselor,чрезвычайный и полномочный посланник 2 класса,Q139927432,посольство российской федерации в монголии,Embassy of the Russian Federation in Mongolia,Q711
482,1721852,1972-10-07,Кранс,Crans,Станислав,Stanislav,Максимович,Maksimovich,начальник отдела в департаменте,head of department in the department,чрезвычайный и полномочный посланник 2 класса,Q139927432,генеральный секретариат (департамент),General Secretariat (Department),
483,1721854,1970-11-28,Кружков,Kruzhkov,Владимир,Vladimir,Анатольевич,Anatolyevich,заместитель директора департамента,Deputy Director of the Department,чрезвычайный и полномочный посланник 2 класса,Q139927432,департамент кадров,HR department,
484,1721855,1960-07-31,Кудояров,Kudoyarov,Артём,Artyom,Тамерланович,Tamerlanovich,заместитель директора департамента,Deputy Director of the Department,чрезвычайный и полномочный посланник 2 класса,Q139927432,департамент безопасности,Security Department,
486,1722407,1967-04-25,Кудрявцев,Kudryavtsev,Сергей,Sergey,Викторович,Viktorovich,советник-посланник,Minister-Counselor,чрезвычайный и полномочный посланник 2 класса,Q139927432,посольство российской федерации в швейцарской конфедерации,Embassy of the Russian Federation in the Swiss Confederation,Q39
487,1722408,1978-03-22,Кудрявцева,Kudryavtseva,Елена,Elena,Юрьевна,Yuryevna,заместитель директора департамента,Deputy Director of the Department,чрезвычайный и полномочный посланник 2 класса,Q139927432,латиноамериканский департамент,Latin American Department,
488,1721857,1972-07-19,Кузнеделев,Kuznedelev,Денис,Denis,Владимирович,Vladimirovich,заместитель директора департамента,Deputy Director of the Department,чрезвычайный и полномочный посланник 2 класса,Q139927432,четвертый европейский департамент,Fourth European Department,
489,1722409,1978-06-10,Кузнецов,Kuznetsov,Георгий,George,Викторович,Viktorovich,заместитель директора департамента,Deputy Director of the Department,чрезвычайный и полномочный посланник 2 класса,Q139927432,департамент государственного протокола,Department of State Protocol,
490,1722410,1971-01-28,Кузьменков,Kuzmenkov,Степан,Stepan,,,заместитель директора департамента,Deputy Director of the Department,чрезвычайный и полномочный посланник 2 класса,Q139927432,департамент по многостороннему гуманитарному сотрудничеству и культурным связям,Department of Multilateral Humanitarian Cooperation and Cultural Relations,
491,1722411,1978-01-18,Кулагина,Kulagina,Ирина,Irina,Александровна,Alexandrovna,заместитель директора департамента,Deputy Director of the Department,чрезвычайный и полномочный посланник 2 класса,Q139927432,"департамент по связям с субъектами федерации,парламентом и общественными объединениями","Department for Relations with Federal Subjects, Parliament, and Public Associations",
492,1722412,1972-09-02,Куликова,Kulikova,Елена,Elena,Владимировна,Vladimirovna,заместитель директора департамента,Deputy Director of the Department,чрезвычайный и полномочный посланник 2 класса,Q139927432,правовой департамент,legal department,
493,1721859,,Кулькин,Kulkin,Дмитрий,Dmitry,Иванович,Ivanovich,советник-посланник,Minister-Counselor,чрезвычайный и полномочный посланник 2 класса,Q139927432,посольство российской федерации в республике корея,Embassy of the Russian Federation in the Republic of Korea,Q884
494,1722413,1982-04-27,Курбанов,Kurbanov,Эльдар,Eldar,Марифович,Marifovich,начальник отдела в департаменте,head of department in the department,чрезвычайный и полномочный посланник 2 класса,Q139927432,департамент ближнего востока и северной африки,Department of the Middle East and North Africa,
495,1721861,1970-04-06,Ланчиков,Lanchikov,Андрей,Andrey,Викторович,Viktorovich,советник-посланник,Minister-Counselor,чрезвычайный и полномочный посланник 2 класса,Q139927432,посольство российской федерации в республике узбекистан,Embassy of the Russian Federation in the Republic of Uzbekistan,Q265
496,1722414,1962-03-25,Лебеденко,Lebedenko,Владимир,Vladimir,Юрьевич,Yuryevich,заместитель директора департамента,Deputy Director of the Department,чрезвычайный и полномочный посланник 2 класса,Q139927432,"департамент по связям с субъектами федерации,парламентом и общественными объединениями","Department for Relations with Federal Subjects, Parliament, and Public Associations",
497,1722415,1979-03-13,Леденев,Ledenev,Андрей,Andrey,Андреевич,Andreevich,советник-посланник,Minister-Counselor,чрезвычайный и полномочный посланник 2 класса,Q139927432,посольство российской федерации в соединенных штатах америки,Embassy of the Russian Federation in the United States of America,Q30
498,1721862,1966-02-22,Ленёв,Lenev,Владимир,Vladimir,Николаевич,Nikolaevich,начальник отдела в департаменте,head of department in the department,чрезвычайный и полномочный посланник 2 класса,Q139927432,департамент международных организаций,Department of International Organizations,
499,1722416,1957-06-26,Леонтьев,Leontiev,Владимир,Vladimir,Львович,Lvovich,советник министра,Adviser to the Minister,чрезвычайный и полномочный посланник 2 класса,Q139927432,генеральный секретариат (департамент),General Secretariat (Department),
500,1721863,1971-12-19,Летошнев,Letoshnev,Александр,Alexander,Вячеславович,Vyacheslavovich,заместитель постоянного представителя,Deputy Permanent Representative,чрезвычайный и полномочный посланник 2 класса,Q139927432,"постоянное представительство российской федерации при отделении оон и других международных организациях в женеве, швейцарская конфедерация","Permanent Mission of the Russian Federation to the UN Office and other international organizations in Geneva, Swiss Confederation",Q39
501,1721864,1965-02-28,Ливичук,Livichuk,Василий,Vasily,Геннадьевич,Gennadievich,начальник отдела в департаменте,head of department in the department,чрезвычайный и полномочный посланник 2 класса,Q139927432,департамент африки,Department of Africa,
503,1722417,1969-09-11,Литвинов,Litvinov,Андрей,Andrey,Борисович,Borisovich,старший советник,senior adviser,чрезвычайный и полномочный посланник 2 класса,Q139927432,посольство российской федерации в новой зеландии,Embassy of the Russian Federation in New Zealand,Q664
504,1722053,1980-07-03,Литвинов,Litvinov,Максим,Maxim,Вадимович,Vadimovich,советник-посланник,Minister-Counselor,чрезвычайный и полномочный посланник 2 класса,Q139927432,посольство российской федерации в республике абхазия,Embassy of the Russian Federation in the Republic of Abkhazia,Q23334
505,1722052,1963-02-02,Литвинов,Litvinov,Максим,Maxim,Игоревич,Igorevich,генеральный консул российской федерации,Consul General of the Russian Federation,чрезвычайный и полномочный посланник 2 класса,Q139927432,"генеральное консульство российской федерации в басре, иракская республика","Consulate General of the Russian Federation in Basra, Iraq",Q796
506,1722054,1963-07-01,Лобанов,Lobanov,Сергей,Sergey,Васильевич,Vasilievich,начальник отдела в департаменте,head of department in the department,чрезвычайный и полномочный посланник 2 класса,Q139927432,департамент африки,Department of Africa,
507,1722418,1960-04-25,Логачев,Logachev,Сергей,Sergey,Олегович,Olegovich,советник-посланник,Minister-Counselor,чрезвычайный и полномочный посланник 2 класса,Q139927432,посольство российской федерации в объединенной республике танзании,Embassy of the Russian Federation in the United Republic of Tanzania,Q924
508,1721870,1958-12-21,Лутай,Lutai,Геннадий,Gennady,Анатольевич,Anatolyevich,главный советник департамента,chief adviser of the department,чрезвычайный и полномочный посланник 2 класса,Q139927432,департамент по вопросам нераспространения и контроля над вооружениями,Department for Non-Proliferation and Arms Control,
509,1721871,1973-11-14,Лысиков,Lysikov,Сергей,Sergey,Владимирович,Vladimirovich,советник-посланник,Minister-Counselor,чрезвычайный и полномочный посланник 2 класса,Q139927432,посольство российской федерации в республике албании,Embassy of the Russian Federation in the Republic of Albania,Q222
510,1722419,1965-07-26,Лямин,Lyamin,Андрей,Andrey,Вячеславович,Vyacheslavovich,заместитель директора департамента,Deputy Director of the Department,чрезвычайный и полномочный посланник 2 класса,Q139927432,департамент азиатского и тихоокеанского сотрудничества,Department of Asian and Pacific Cooperation,
511,1722420,1977-09-26,Ляпин,Lyapin,Владимир,Vladimir,Александрович,Alexandrovich,советник-посланник,Minister-Counselor,чрезвычайный и полномочный посланник 2 класса,Q139927432,посольство российской федерации в королевстве швеция,Embassy of the Russian Federation in the Kingdom of Sweden,Q34
512,1721873,1963-07-20,Ляхов,Lyakhov,Валерий,Valery,Владимирович,Vladimirovich,начальник отдела в департаменте,head of department in the department,чрезвычайный и полномочный посланник 2 класса,Q139927432,третий европейский департамент,Third European Department,
513,1722421,,Магомедов,Magomedov,Камиль,Camille,Омарович,Omarovich,заместитель директора департамента,Deputy Director of the Department,чрезвычайный и полномочный посланник 2 класса,Q139927432,третий департамент стран снг,Third Department of the CIS countries,
515,1722055,1960-10-20,Майстренко,Maistrenko,Владимир,Vladimir,Демьянович,Demyanovich,начальник отдела в департаменте,head of department in the department,чрезвычайный и полномочный посланник 2 класса,Q139927432,"департамент по связям с субъектами федерации,парламентом и общественными объединениями","Department for Relations with Federal Subjects, Parliament, and Public Associations",
516,1722422,1962-06-04,Макаров,Makarov,Михаил,Michael,Станиславович,Stanislavovich,начальник отдела в департаменте,head of department in the department,чрезвычайный и полномочный посланник 2 класса,Q139927432,генеральный секретариат (департамент),General Secretariat (Department),
518,1721875,1971-08-02,Малаян,Malayan,Карен,Karen,Карпушевич,Karpushevich,заместитель постоянного представителя,Deputy Permanent Representative,чрезвычайный и полномочный посланник 2 класса,Q139927432,"постоянное представительство российской федерации при европейском союзе и европейском сообществе по атомной энергии в брюсселе, бельгия","Permanent Mission of the Russian Federation to the European Union and the European Atomic Energy Community in Brussels, Belgium",Q31
518,1721875,1971-08-02,Малаян,Malayan,Карен,Karen,Карпушевич,Karpushevich,заместитель постоянного представителя,Deputy Permanent Representative,чрезвычайный и полномочный посланник 2 класса,Q139927432,"постоянное представительство российской федерации при европейском союзе и европейском сообществе по атомной энергии в брюсселе, бельгия","Permanent Mission of the Russian Federation to the European Union and the European Atomic Energy Community in Brussels, Belgium",Q458
520,1722424,1983-06-01,Малькова,Malkova,Виктория,Victoria,Валерьевна,Valerievna,заместитель директора департамента,Deputy Director of the Department,чрезвычайный и полномочный посланник 2 класса,Q139927432,первый департамент стран снг,First Department of the CIS countries,
521,1722056,1966-06-29,Мамаев,Mamaev,Александр,Alexander,Викторович,Viktorovich,советник-посланник,Minister-Counselor,чрезвычайный и полномочный посланник 2 класса,Q139927432,посольство российской федерации в федеративной республике нигерии,Embassy of the Russian Federation in the Federal Republic of Nigeria,Q1033
522,1722425,1980-12-09,Марков,Markov,Алексей,Alexey,Геннадьевич,Gennadievich,генеральный консул российской федерации,Consul General of the Russian Federation,чрезвычайный и полномочный посланник 2 класса,Q139927432,"генеральное консульство российской федерации в нью-йорке, соединенные штаты америки","Consulate General of the Russian Federation in New York, United States of America",Q30
524,1722427,1971-11-07,Марченко,Marchenko,Александр,Alexander,Александрович,Alexandrovich,советник-посланник,Minister-Counselor,чрезвычайный и полномочный посланник 2 класса,Q139927432,посольство российской федерации в алжирской народной демократической республике,Embassy of the Russian Federation in the People's Democratic Republic of Algeria,Q262
525,1721880,1960-02-18,Маслин,Maslin,Валерий,Valery,Владимирович,Vladimirovich,заместитель директора департамента,Deputy Director of the Department,чрезвычайный и полномочный посланник 2 класса,Q139927432,"департамент по связям с субъектами федерации,парламентом и общественными объединениями","Department for Relations with Federal Subjects, Parliament, and Public Associations",
526,1721881,1965-01-18,Масюк,Masyuk,Дмитрий,Dmitry,Анатольевич,Anatolyevich,заместитель директора департамента,Deputy Director of the Department,чрезвычайный и полномочный посланник 2 класса,Q139927432,четвертый департамент стран снг,Fourth Department of the CIS countries,
527,1722428,1982-07-09,Матвеев,Matveev,Юрий,Yuri,Владимирович,Vladimirovich,советник-посланник,Minister-Counselor,чрезвычайный и полномочный посланник 2 класса,Q139927432,посольство российской федерации в арабской республике египет,Embassy of the Russian Federation in the Arab Republic of Egypt,Q79
529,1721883,1973-06-30,Мгеладзе,Mgeladze,Нана,Nana,Михайловна,Mikhailovna,генеральный консул российской федерации,Consul General of the Russian Federation,чрезвычайный и полномочный посланник 2 класса,Q139927432,"генеральное консульство российской федерации в гаване, республика куба","Consulate General of the Russian Federation in Havana, Republic of Cuba",Q241
530,1722429,1971-05-08,Медяник,Copperhead,Евгений,Evgeny,Александрович,Alexandrovich,заместитель директора департамента,Deputy Director of the Department,чрезвычайный и полномочный посланник 2 класса,Q139927432,генеральный секретариат (департамент),General Secretariat (Department),
531,1722430,1983-04-17,Мельник,Miller,Юрий,Yuri,Юрьевич,Yuryevich,советник-посланник,Minister-Counselor,чрезвычайный и полномочный посланник 2 класса,Q139927432,посольство российской федерации в республике казахстан,Embassy of the Russian Federation in the Republic of Kazakhstan,Q232
532,1722431,1968-12-10,Мельников,Melnikov,Николай,Nikolay,Евгеньевич,Evgenievich,директор департамента,director of the department,чрезвычайный и полномочный посланник 2 класса,Q139927432,департамент информационного обеспечения,Department of Information Support,
533,1722432,1961-09-04,Миронов,Mironov,Николай,Nikolay,Валентинович,Valentinovich,заместитель директора департамента,Deputy Director of the Department,чрезвычайный и полномочный посланник 2 класса,Q139927432,департамент экономического сотрудничества,Department of Economic Cooperation,
534,1722433,1969-09-01,Митрофанов,Mitrofanov,Вадим,Vadim,Юрьевич,Yuryevich,и.о. директора департамента,Acting Director of the Department,чрезвычайный и полномочный посланник 2 класса,Q139927432,департамент по работе с соотечественниками за рубежом,Department for Work with Compatriots Abroad,
535,1722434,1973-12-16,Михайлов,Mikhailov,Дмитрий,Dmitry,Юрьевич,Yuryevich,начальник отдела в департаменте,head of department in the department,чрезвычайный и полномочный посланник 2 класса,Q139927432,департамент лингвистического обеспечения,Department of Linguistic Support,
536,1722435,1973-07-05,Мокин,Mokin,Даниил,Daniel,Владимирович,Vladimirovich,заместитель постоянного представителя,Deputy Permanent Representative,чрезвычайный и полномочный посланник 2 класса,Q139927432,"постоянное представительство российской федерации при международных организациях в вене, австрийская республика","Permanent Mission of the Russian Federation to the International Organizations in Vienna, Republic of Austria",Q40
537,1722057,1972-05-12,Молчанов,Molchanov,Сергей,Sergey,Николаевич,Nikolaevich,заместитель директора департамента,Deputy Director of the Department,чрезвычайный и полномочный посланник 2 класса,Q139927432,первый европейский департамент,First European Department,
538,1721888,1955-10-18,Мордвинцев,Mordvintsev,Юрий,Yuri,Тимофеевич,Timofeevich,ведущий эксперт,leading expert,чрезвычайный и полномочный посланник 2 класса,Q139927432,второй департамент стран снг,Second Department of the CIS countries,
539,1722436,1977-07-30,Морозов,Morozov,Андрей,Andrey,Львович,Lvovich,советник-посланник,Minister-Counselor,чрезвычайный и полномочный посланник 2 класса,Q139927432,посольство российской федерации в боснии и герцеговине,Embassy of the Russian Federation in Bosnia and Herzegovina,Q225
540,1721889,1978-07-21,Москаленко,Moskalenko,Денис,Denis,Игоревич,Igorevich,генеральный консул российской федерации,Consul General of the Russian Federation,чрезвычайный и полномочный посланник 2 класса,Q139927432,"генеральное консульство российской федерации в эдинбурге, соединенное королевство великобритании и северной ирландии","Consulate General of the Russian Federation in Edinburgh, United Kingdom of Great Britain and Northern Ireland",Q27
540,1721889,1978-07-21,Москаленко,Moskalenko,Денис,Denis,Игоревич,Igorevich,генеральный консул российской федерации,Consul General of the Russian Federation,чрезвычайный и полномочный посланник 2 класса,Q139927432,"генеральное консульство российской федерации в эдинбурге, соединенное королевство великобритании и северной ирландии","Consulate General of the Russian Federation in Edinburgh, United Kingdom of Great Britain and Northern Ireland",Q145
541,1721890,1961-11-19,Мурашев,Murashev,Олег,Oleg,Юрьевич,Yuryevich,генеральный консул российской федерации,Consul General of the Russian Federation,чрезвычайный и полномочный посланник 2 класса,Q139927432,"генеральное консульство российской федерации в бресте, республика белоруссия","Consulate General of the Russian Federation in Brest, Republic of Belarus",Q184
542,1722437,1959-06-19,Мусиенко,Musienko,Александр,Alexander,Андреевич,Andreevich,заместитель директора департамента,Deputy Director of the Department,чрезвычайный и полномочный посланник 2 класса,Q139927432,третий департамент стран снг,Third Department of the CIS countries,
543,1722438,1979-01-26,Налобин,Nalobin,Сергей,Sergey,Николаевич,Nikolaevich,заместитель директора департамента,Deputy Director of the Department,чрезвычайный и полномочный посланник 2 класса,Q139927432,департамент информации и печати,Department of Information and Press,
544,1721892,1972-11-04,Настасьин,Nastasin,Андрей,Andrey,Евгеньевич,Evgenievich,заместитель директора департамента,Deputy Director of the Department,чрезвычайный и полномочный посланник 2 класса,Q139927432,департамент информации и печати,Department of Information and Press,
545,1722439,1984-02-19,Нечаев,Nechaev,Иван,Ivan,Игоревич,Igorevich,заместитель директора департамента,Deputy Director of the Department,чрезвычайный и полномочный посланник 2 класса,Q139927432,департамент по работе с соотечественниками за рубежом,Department for Work with Compatriots Abroad,
546,1721893,1961-01-12,Нешумов,Neshumov,Евгений,Evgeny,Юрьевич,Yuryevich,советник-посланник,Minister-Counselor,чрезвычайный и полномочный посланник 2 класса,Q139927432,посольство российской федерации в республике панама,Embassy of the Russian Federation in the Republic of Panama,Q804
547,1722440,1959-12-12,Никитин,Nikitin,Вадим,Vadim,Николаевич,Nikolaevich,заместитель директора департамента,Deputy Director of the Department,чрезвычайный и полномочный посланник 2 класса,Q139927432,департамент лингвистического обеспечения,Department of Linguistic Support,
548,1722441,1964-10-02,Никитин,Nikitin,Игорь,Igor,Станиславович,Stanislavovich,заместитель директора департамента,Deputy Director of the Department,чрезвычайный и полномочный посланник 2 класса,Q139927432,третий европейский департамент,Third European Department,
549,1721894,1984-03-17,Ниорадзе,Nioradze,Василий,Vasily,Владимирович,Vladimirovich,заместитель директора департамента,Deputy Director of the Department,чрезвычайный и полномочный посланник 2 класса,Q139927432,департамент информации и печати,Department of Information and Press,
550,1722442,1968-11-30,Новосельцева,Novoseltseva,Вероника,Veronica,Анатольевна,Anatolyevna,советник-посланник,Minister-Counselor,чрезвычайный и полномочный посланник 2 класса,Q139927432,посольство российской федерации в республике индонезии,Embassy of the Russian Federation in the Republic of Indonesia,Q252
551,1722443,1967-12-14,Носков,Noskov,Александр,Alexander,Александрович,Alexandrovich,генеральный консул российской федерации,Consul General of the Russian Federation,чрезвычайный и полномочный посланник 2 класса,Q139927432,"генеральное консульство российской федерации в монреале, канада","Consulate General of the Russian Federation in Montreal, Canada",Q16
552,1722444,1950-09-12,Олисов,Olisov,Александр,Alexander,Васильевич,Vasilievich,ведущий эксперт,leading expert,чрезвычайный и полномочный посланник 2 класса,Q139927432,историко-документальный департамент,historical and documentary department,
553,842617,1967-01-15,Оранский,Oranskiy,Станислав,Stanislav,Валерьевич,Valerievich,генеральный консул российской федерации,Consul General of the Russian Federation,чрезвычайный и полномочный посланник 2 класса,Q139927432,"генеральное консульство российской федерации в марселе, французская республика","Consulate General of the Russian Federation in Marseille, France",Q142
554,1721896,1973-11-21,Ордаш,Ordash,Андрей,Andrey,Эдуардович,Eduardovich,чрезвычайный и полномочный посол российской федерации,Ambassador Extraordinary and Plenipotentiary of the Russian Federation,чрезвычайный и полномочный посланник 2 класса,Q139927432,посольство российской федерации в республике гана,Embassy of the Russian Federation in the Republic of Ghana,Q117
555,1721897,1967-04-02,Орешенкова,Oreshenkova,Наталия,Natalia,Евгеньевна,Evgenievna,заместитель постоянного представителя российской федерации,Deputy Permanent Representative of the Russian Federation,чрезвычайный и полномочный посланник 2 класса,Q139927432,"постоянное представительство российской федерации при всемирной торговой организации (вто) в женеве, швейцарская конфедерация","Permanent Mission of the Russian Federation to the World Trade Organization (WTO) in Geneva, Swiss Confederation",Q39
556,1722445,1974-09-28,Орлов,Orlov,Григорий,Gregory,Владимирович,Vladimirovich,советник-посланник,Minister-Counselor,чрезвычайный и полномочный посланник 2 класса,Q139927432,посольство российской федерации в королевстве нидерландов,Embassy of the Russian Federation in the Kingdom of the Netherlands,Q29999
557,1721898,1969-07-05,Осьмаков,Osmakov,Андрей,Andrey,Иванович,Ivanovich,начальник отдела в департаменте,head of department in the department,чрезвычайный и полномочный посланник 2 класса,Q139927432,департамент безопасности,Security Department,
558,1722446,1968-11-14,Ощепков,Oshchepkov,Владимир,Vladimir,Платонович,Platonovich,заместитель директора департамента,Deputy Director of the Department,чрезвычайный и полномочный посланник 2 класса,Q139927432,первый департамент азии,First Department of Asia,
559,1722059,1970-05-18,Павлов,Pavlov,Владислав,Vladislav,Валерьевич,Valerievich,генеральный консул российской федерации,Consul General of the Russian Federation,чрезвычайный и полномочный посланник 2 класса,Q139927432,"генеральное консульство российской федерации в страсбурге, французская республика","Consulate General of the Russian Federation in Strasbourg, France",Q142
560,1722061,1959-07-06,Панков,Pankov,Александр,Alexander,Юрьевич,Yuryevich,генеральный консул российской федерации,Consul General of the Russian Federation,чрезвычайный и полномочный посланник 2 класса,Q139927432,"генеральное консульство российской федерации в барселоне, королевство испания","Consulate General of the Russian Federation in Barcelona, ​​Kingdom of Spain",Q29
561,1722447,1960-02-20,Панов,Panov,Андрей,Andrey,Леонидович,Leonidovich,заместитель директора департамента,Deputy Director of the Department,чрезвычайный и полномочный посланник 2 класса,Q139927432,департамент ближнего востока и северной африки,Department of the Middle East and North Africa,
562,1722062,1962-08-21,Пантелеев,Panteleev,Евгений,Evgeny,Александрович,Alexandrovich,заместитель директора департамента,Deputy Director of the Department,чрезвычайный и полномочный посланник 2 класса,Q139927432,первый департамент стран снг,First Department of the CIS countries,
563,1722064,1962-07-11,Патронов,Patronov,Сергей,Sergey,Юрьевич,Yuryevich,генеральный консул российской федерации,Consul General of the Russian Federation,чрезвычайный и полномочный посланник 2 класса,Q139927432,"генеральное консульство российской федерации в палермо, итальянская республика","Consulate General of the Russian Federation in Palermo, Italian Republic",Q38
564,1722448,1966-05-01,Пашков,Pashkov,Виктор,Victor,Львович,Lvovich,начальник отдела в департаменте,head of department in the department,чрезвычайный и полномочный посланник 2 класса,Q139927432,первый департамент азии,First Department of Asia,
565,1722449,1979-05-14,Петрова,Petrova,Светлана,Svetlana,Владимировна,Vladimirovna,советник-посланник,Minister-Counselor,чрезвычайный и полномочный посланник 2 класса,Q139927432,посольство российской федерации в республике никарагуа,Embassy of the Russian Federation in the Republic of Nicaragua,Q811
567,1721903,1973-11-24,Поваляев,Povalyaev,Андрей,Andrey,Петрович,Petrovich,советник-посланник,Minister-Counselor,чрезвычайный и полномочный посланник 2 класса,Q139927432,посольство российской федерации в китайской народной республике,Embassy of the Russian Federation in the People's Republic of China,Q865
568,1722450,1980-05-02,Погонин,Pogonin,Алексей,Alexey,Алексеевич,Alekseevich,советник-посланник,Minister-Counselor,чрезвычайный и полномочный посланник 2 класса,Q139927432,посольство российской федерации в республике словении,Embassy of the Russian Federation in the Republic of Slovenia,Q215
569,1721904,1983-07-18,Подолько,Podolko,Елена,Elena,Олеговна,Olegovna,заместитель директора департамента,Deputy Director of the Department,чрезвычайный и полномочный посланник 2 класса,Q139927432,департамент государственного протокола,Department of State Protocol,
571,1722452,1967-03-17,Попов,Popov,Сергей,Sergey,Аркадьевич,Arkadyevich,советник-посланник,Minister-Counselor,чрезвычайный и полномочный посланник 2 класса,Q139927432,посольство российской федерации в республике замбия,Embassy of the Russian Federation in the Republic of Zambia,Q953
572,1722453,1959-02-11,Прокофьев,Prokofiev,Александр,Alexander,Алексеевич,Alekseevich,заместитель директора департамента,Deputy Director of the Department,чрезвычайный и полномочный посланник 2 класса,Q139927432,департамент африки,Department of Africa,
573,1721908,1972-06-12,Пронин,Pronin,Василий,Vasily,Львович,Lvovich,начальник отдела в департаменте,head of department in the department,чрезвычайный и полномочный посланник 2 класса,Q139927432,консульский департамент,consular department,
575,1722455,1965-05-05,Прохоров,Prokhorov,Олег,Oleg,Анатольевич,Anatolyevich,генеральный консул российской федерации,Consul General of the Russian Federation,чрезвычайный и полномочный посланник 2 класса,Q139927432,"генеральное консульство российской федерации в касабланке, королевство марокко","Consulate General of the Russian Federation in Casablanca, Kingdom of Morocco",Q1028
576,1722456,1972-09-23,Пшеничный,Pshenichny,Сергей,Sergey,Анатольевич,Anatolyevich,заместитель директора департамента,Deputy Director of the Department,чрезвычайный и полномочный посланник 2 класса,Q139927432,департамент по работе с соотечественниками за рубежом,Department for Work with Compatriots Abroad,
577,1721910,1973-03-21,Равилова-Боровик,Ravilova-Borovik,Диляра,Dilyara,Салихзяновна,Salikhzyanovna,заместитель постоянного представителя,Deputy Permanent Representative,чрезвычайный и полномочный посланник 2 класса,Q139927432,"постоянное представительство российской федерации при продовольственной и сельскохозяйственной организации оон (фао) и др. мо со сходными функциями в риме, италия","Permanent Mission of the Russian Federation to the Food and Agriculture Organization of the United Nations (FAO) and other similar organizations in Rome, Italy",Q38
578,1721911,1972-12-14,Райдер,Rider,Максим,Maxim,Георгиевич,Georgievich,заместитель директора департамента,Deputy Director of the Department,чрезвычайный и полномочный посланник 2 класса,Q139927432,департамент безопасности,Security Department,
579,1722457,1972-04-28,Ревуцкий,Revutsky,Антон,Anton,Викторович,Viktorovich,начальник отдела в департаменте,head of department in the department,чрезвычайный и полномочный посланник 2 класса,Q139927432,департамент экономического сотрудничества,Department of Economic Cooperation,
580,1722458,1979-08-19,Репкин,Repkin,Александр,Alexander,Валерьевич,Valerievich,заместитель директора департамента,Deputy Director of the Department,чрезвычайный и полномочный посланник 2 класса,Q139927432,департамент экономического сотрудничества,Department of Economic Cooperation,
581,1722459,1961-05-22,Рогов,Rogov,Алексей,Alexey,Александрович,Alexandrovich,старший советник,senior adviser,чрезвычайный и полномочный посланник 2 класса,Q139927432,посольство российской федерации в киргизской республике,Embassy of the Russian Federation in the Kyrgyz Republic,Q813
582,1721914,1965-09-17,Рогоза,Rogoza,Олег,Oleg,Васильевич,Vasilievich,заместитель директора департамента,Deputy Director of the Department,чрезвычайный и полномочный посланник 2 класса,Q139927432,историко-документальный департамент,historical and documentary department,
583,1722460,1981-06-26,Романов,Romanov,Максим,Maxim,Геннадьевич,Gennadievich,советник-посланник,Minister-Counselor,чрезвычайный и полномочный посланник 2 класса,Q139927432,посольство российской федерации в ливанской республике,Embassy of the Russian Federation in the Lebanese Republic,Q822
584,1721915,1974-08-22,Российский,Rossiyskiy,Михаил,Michael,Анатольевич,Anatolyevich,советник-посланник,Minister-Counselor,чрезвычайный и полномочный посланник 2 класса,Q139927432,посольство российской федерации в итальянской республике,Embassy of the Russian Federation in the Italian Republic,Q38
585,1721916,1980-02-22,Рубин,Rubin,Максим,Maxim,Олегович,Olegovich,генеральный консул,Consul General,чрезвычайный и полномочный посланник 2 класса,Q139927432,"генеральное консульство российской федерации в эрбиле, республика ирак","Consulate General of the Russian Federation in Erbil, Republic of Iraq",Q796
586,1722461,1955-09-30,Рудницкий,Rudnitsky,Артем,Artem,Юрьевич,Yuryevich,ведущий эксперт,leading expert,чрезвычайный и полномочный посланник 2 класса,Q139927432,историко-документальный департамент,historical and documentary department,
587,1721917,1981-03-02,Рыковсков,Rykovskov,Дмитрий,Dmitry,Витальевич,Vitalievich,заместитель директора департамента,Deputy Director of the Department,чрезвычайный и полномочный посланник 2 класса,Q139927432,второй департамент стран снг,Second Department of the CIS countries,
588,1721918,1968-02-13,Рябков,Ryabkov,Геннадий,Gennady,Геннадьевич,Gennadievich,начальник отдела в департаменте,head of department in the department,чрезвычайный и полномочный посланник 2 класса,Q139927432,первый департамент азии,First Department of Asia,
589,1722462,1966-12-22,Рябоконь,Ryabokon,Сергей,Sergey,Владимирович,Vladimirovich,главный советник департамента,chief adviser of the department,чрезвычайный и полномочный посланник 2 класса,Q139927432,департамент международной информационной безопасности,Department of International Information Security,
590,1722068,1964-04-02,Сагитов,Sagitov,Игорь,Igor,Ильдусович,Ildusovich,главный советник департамента,chief adviser of the department,чрезвычайный и полномочный посланник 2 класса,Q139927432,первый департамент азии,First Department of Asia,
591,1721919,1973-02-05,Садулин,Sadulin,Роман,Novel,Ярулович,Yarulovich,заместитель директора департамента,Deputy Director of the Department,чрезвычайный и полномочный посланник 2 класса,Q139927432,управление делами (департамент),administration (department),
592,1721920,1985-09-07,Салимуллин,Salimullin,Ленар,Lenar,Шамилевич,Shamilevich,советник-посланник,Minister-Counselor,чрезвычайный и полномочный посланник 2 класса,Q139927432,посольство российской федерации в эстонской республике,Embassy of the Russian Federation in the Republic of Estonia,Q191
593,1721921,1975-01-17,Сапоженков,Sapozhenkov,Кирилл,Kirill,Александрович,Alexandrovich,советник-посланник,Minister-Counselor,чрезвычайный и полномочный посланник 2 класса,Q139927432,посольство российской федерации в словацкой республике,Embassy of the Russian Federation in the Slovak Republic,Q214
594,1721922,1970-07-21,Свистин,Svistin,Роман,Novel,Викторович,Viktorovich,генеральный консул российской федерации,Consul General of the Russian Federation,чрезвычайный и полномочный посланник 2 класса,Q139927432,"генеральное консульство российской федерации в оше, киргизская республика","Consulate General of the Russian Federation in Osh, Kyrgyz Republic",Q813
595,1722463,1977-05-02,Селезнев,Seleznev,Максим,Maxim,Владимирович,Vladimirovich,советник-посланник,Minister-Counselor,чрезвычайный и полномочный посланник 2 класса,Q139927432,посольство российской федерации в республике армения,Embassy of the Russian Federation in the Republic of Armenia,Q399
596,1722464,1983-07-22,Семенова,Semenova,Екатерина,Catherine,Андреевна,Andreevna,советник-посланник,Minister-Counselor,чрезвычайный и полномочный посланник 2 класса,Q139927432,посольство российской федерации в народной республике бангладеш,Embassy of the Russian Federation in the People's Republic of Bangladesh,Q902
597,1722070,1962-06-20,Семенов,Semenov,Сергей,Sergey,Алексеевич,Alekseevich,главный советник департамента,chief adviser of the department,чрезвычайный и полномочный посланник 2 класса,Q139927432,департамент кадров,HR department,
598,1722071,1962-01-01,Семенов,Semenov,Сергей,Sergey,Валентинович,Valentinovich,генеральный консул российской федерации,Consul General of the Russian Federation,чрезвычайный и полномочный посланник 2 класса,Q139927432,"генеральное консульство российской федерации в гданьске, республика польша","Consulate General of the Russian Federation in Gdansk, Republic of Poland",Q36
599,1721924,1975-04-18,Сентенкова,Sentenkova,Наталья,Natalia,Николаевна,Nikolaevna,советник-посланник,Minister-Counselor,чрезвычайный и полномочный посланник 2 класса,Q139927432,посольство российской федерации в республике перу,Embassy of the Russian Federation in the Republic of Peru,Q419
600,1722465,1969-03-09,Сергеев,Sergeev,Михаил,Michael,Александрович,Alexandrovich,главный советник департамента,chief adviser of the department,чрезвычайный и полномочный посланник 2 класса,Q139927432,консульский департамент,consular department,
601,1721925,1977-11-26,Середняков,Serednyakov,Константин,Konstantin,Викторович,Viktorovich,заместитель директора департамента,Deputy Director of the Department,чрезвычайный и полномочный посланник 2 класса,Q139927432,департамент северной америки,Department of North America,
602,1722466,1966-08-25,Симаков,Simakov,Виктор,Victor,Викторович,Viktorovich,советник-посланник,Minister-Counselor,чрезвычайный и полномочный посланник 2 класса,Q139927432,посольство российской федерации в государстве израиль,Embassy of the Russian Federation in the State of Israel,Q801
603,1721926,1973-07-17,Синегубов,Sinegubov,Алексей,Alexey,Леонидович,Leonidovich,заместитель директора департамента,Deputy Director of the Department,чрезвычайный и полномочный посланник 2 класса,Q139927432,четвертый департамент стран снг,Fourth Department of the CIS countries,
604,1722467,1966-02-28,Ситников,Sitnikov,Альберт,Albert,Владимирович,Vladimirovich,заместитель директора департамента,Deputy Director of the Department,чрезвычайный и полномочный посланник 2 класса,Q139927432,департамент многостороннего сотрудничества по правам человека,Department of Multilateral Cooperation on Human Rights,
605,1722468,1962-02-26,Скачков,Skachkov,Андрей,Andrey,Семенович,Semenovich,заместитель директора департамента,Deputy Director of the Department,чрезвычайный и полномочный посланник 2 класса,Q139927432,второй европейский департамент,Second European Department,
607,1722470,1960-08-24,Соколов,Sokolov,Дмитрий,Dmitry,Геннадьевич,Gennadievich,советник-посланник,Minister-Counselor,чрезвычайный и полномочный посланник 2 класса,Q139927432,посольство российской федерации в королевстве испания,Embassy of the Russian Federation in the Kingdom of Spain,Q29
608,1722471,1964-07-22,Соколов,Sokolov,Эдуард,Edward,Анатольевич,Anatolyevich,советник-посланник,Minister-Counselor,чрезвычайный и полномочный посланник 2 класса,Q139927432,посольство российской федерации в боливарианской республике венесуэла,Embassy of the Russian Federation in the Bolivarian Republic of Venezuela,Q717
609,1721928,1974-11-26,Соколов-Щербачев,Sokolov-Shcherbachev,Кирилл,Kirill,Геннадиевич,Gennadievich,заместитель директора департамента,Deputy Director of the Department,чрезвычайный и полномочный посланник 2 класса,Q139927432,департамент информационного обеспечения,Department of Information Support,
610,1722472,1973-01-08,Степанюк,Stepanyuk,Вадим,Vadim,Анатольевич,Anatolyevich,заместитель постоянного представителя,Deputy Permanent Representative,чрезвычайный и полномочный посланник 2 класса,Q139927432,"постоянное представительство российской федерации при уставных и других органах снг в минске, республика белоруссия","Permanent Mission of the Russian Federation to the statutory and other bodies of the CIS in Minsk, Republic of Belarus",
611,1722473,1975-12-24,Степкина,Stepkina,Наталья,Natalia,Александровна,Alexandrovna,советник-посланник,Minister-Counselor,чрезвычайный и полномочный посланник 2 класса,Q139927432,посольство российской федерации в китайской народной республике,Embassy of the Russian Federation in the People's Republic of China,Q865
613,1721931,1959-04-26,Стукало,Stukalo,Алексей,Alexey,Алексеевич,Alekseevich,заместитель директора департамента,Deputy Director of the Department,чрезвычайный и полномочный посланник 2 класса,Q139927432,департамент экономического сотрудничества,Department of Economic Cooperation,
614,1722475,1968-05-27,Субботин,Subbotin,Дмитрий,Dmitry,Владимирович,Vladimirovich,заместитель директора департамента,Deputy Director of the Department,чрезвычайный и полномочный посланник 2 класса,Q139927432,департамент по вопросам новых вызовов и угроз,Department of New Challenges and Threats,
615,1722476,1977-07-31,Субботин,Subbotin,Илья,Ilya,Вячеславович,Vyacheslavovich,советник-посланник,Minister-Counselor,чрезвычайный и полномочный посланник 2 класса,Q139927432,посольство российской федерации во французской республике,Embassy of the Russian Federation in the French Republic,Q142
617,1721933,1961-01-08,Табачинский,Tabachinsky,Игорь,Igor,Михайлович,Mikhailovich,заместитель директора департамента,Deputy Director of the Department,чрезвычайный и полномочный посланник 2 класса,Q139927432,второй европейский департамент,Second European Department,
618,1721934,1974-08-01,Талыбов,Talibov,Эльшад,Elshad,Муталим оглы,Mutalim ogly,советник-посланник,Minister-Counselor,чрезвычайный и полномочный посланник 2 класса,Q139927432,посольство российской федерации в лаосской народно-демократической республике,Embassy of the Russian Federation in the Lao People's Democratic Republic,Q819
619,1721935,1979-05-22,Темников,Temnikov,Денис,Denis,Михайлович,Mikhailovich,советник-посланник,Minister-Counselor,чрезвычайный и полномочный посланник 2 класса,Q139927432,посольство российской федерации в республике сингапур,Embassy of the Russian Federation in the Republic of Singapore,Q334
620,1721936,1977-09-12,Темяшов,Temyashov,Андрей,Andrey,Иванович,Ivanovich,советник-посланник,Minister-Counselor,чрезвычайный и полномочный посланник 2 класса,Q139927432,посольство российской федерации в республике сербии,Embassy of the Russian Federation in the Republic of Serbia,Q403
621,1721937,1979-07-30,Терских,Terskih,Александр,Alexander,Александрович,Alexandrovich,генеральный консул российской федерации,Consul General of the Russian Federation,чрезвычайный и полномочный посланник 2 класса,Q139927432,"генеральное консульство российской федерации в осаке, япония","Consulate General of the Russian Federation in Osaka, Japan",Q17
622,1574200,,Тимашов,Timashov,Валерий,Valery,Петрович,Petrovich,генеральный консул российской федерации,Consul General of the Russian Federation,чрезвычайный и полномочный посланник 2 класса,Q139927432,"генеральное консульство российской федерации в трабзоне, турецкая республика","Consulate General of the Russian Federation in Trabzon, Turkey",Q43
623,1722477,1969-06-10,Тимофеев,Timofeev,Алексей,Alexey,Геннадьевич,Gennadievich,начальник отдела в департаменте,head of department in the department,чрезвычайный и полномочный посланник 2 класса,Q139927432,третий департамент стран снг,Third Department of the CIS countries,
624,836752,1977-01-30,Топеха,Topekha,Владимир,Vladimir,Владимирович,Vladimirovich,советник-посланник,Minister-Counselor,чрезвычайный и полномочный посланник 2 класса,Q139927432,посольство российской федерации в корейской народно-демократической республике,Embassy of the Russian Federation in the Democratic People's Republic of Korea,Q423
625,1721940,1963-01-15,Торотенков,Torotenkov,Сергей,Sergey,Владимирович,Vladimirovich,главный советник департамента,chief adviser of the department,чрезвычайный и полномочный посланник 2 класса,Q139927432,второй европейский департамент,Second European Department,
626,1722478,1978-03-06,Трофимов,Trofimov,Александр,Alexander,Владимирович,Vladimirovich,посол по особым поручениям,Ambassador-at-Large,чрезвычайный и полномочный посланник 2 класса,Q139927432,группа послов по особым поручениям мид российской федерации,Group of Ambassadors-at-Large of the Ministry of Foreign Affairs of the Russian Federation,
627,1721941,,Троянский,Trojanskij,Григорий,Gregory,Михайлович,Mikhailovich,советник-посланник,Minister-Counselor,чрезвычайный и полномочный посланник 2 класса,Q139927432,посольство российской федерации в федеративной республике бразилия,Embassy of the Russian Federation in the Federative Republic of Brazil,Q155
628,1721942,1968-10-13,Трушин,Trushin,Федор,Fedor,Филиппович,Filippovich,заместитель директора департамента,Deputy Director of the Department,чрезвычайный и полномочный посланник 2 класса,Q139927432,управление делами (департамент),administration (department),
629,1721943,1968-09-15,Тураев,Turaev,Дмитрий,Dmitry,Александрович,Alexandrovich,генеральный консул,Consul General,чрезвычайный и полномочный посланник 2 класса,Q139927432,"генеральное консульство российской федерации в алма-ате, республика казахстан","Consulate General of the Russian Federation in Almaty, Republic of Kazakhstan",Q232
630,1721945,1973-03-29,Устинов,Ustinov,Григорий,Gregory,Владимирович,Vladimirovich,заместитель директора департамента,Deputy Director of the Department,чрезвычайный и полномочный посланник 2 класса,Q139927432,департамент международных организаций,Department of International Organizations,
631,1722479,1960-03-03,Уткин,Utkin,Алексей,Alexey,Васильевич,Vasilievich,заместитель директора департамента,Deputy Director of the Department,чрезвычайный и полномочный посланник 2 класса,Q139927432,консульский департамент,consular department,
633,1721946,1962-04-30,Фабричников,Fabrichnikov,Андрей,Andrey,Аркадьевич,Arkadyevich,генеральный консул российской федерации,Consul General of the Russian Federation,чрезвычайный и полномочный посланник 2 класса,Q139927432,"генеральное консульство российской федерации в саппоро, япония","Consulate General of the Russian Federation in Sapporo, Japan",Q17
634,1722481,1977-01-04,Фадеев,Fadeev,Виталий,Vitaly,Викторович,Viktorovich,заместитель директора департамента,Deputy Director of the Department,чрезвычайный и полномочный посланник 2 класса,Q139927432,первый департамент азии,First Department of Asia,
635,1721947,1960-09-25,Федеряков,Federyakov,Сергей,Sergey,Геннадьевич,Gennadievich,заместитель постоянного представителя,Deputy Permanent Representative,чрезвычайный и полномочный посланник 2 класса,Q139927432,"постоянное представительство российской федерации при международных организациях в вене, австрийская республика","Permanent Mission of the Russian Federation to the International Organizations in Vienna, Republic of Austria",Q40
636,1722073,1969-05-16,Федорова,Fedorova,Анастасия,Anastasia,Васильевна,Vasilievna,заместитель директора департамента,Deputy Director of the Department,чрезвычайный и полномочный посланник 2 класса,Q139927432,департамент информации и печати,Department of Information and Press,
637,1722482,1976-10-06,Федосеев,Fedoseyev,Иван,Ivan,Сергеевич,Sergeevich,советник-посланник,Minister-Counselor,чрезвычайный и полномочный посланник 2 класса,Q139927432,посольство российской федерации в королевстве дания,Embassy of the Russian Federation in the Kingdom of Denmark,Q35
638,1722483,1959-01-16,Фетисов,Fetisov,Игорь,Igor,Владимирович,Vladimirovich,заместитель директора департамента,Deputy Director of the Department,чрезвычайный и полномочный посланник 2 класса,Q139927432,историко-документальный департамент,historical and documentary department,
639,1721948,1973-12-17,Филаткин,Filatkin,Дмитрий,Dmitry,Петрович,Petrovich,заместитель постоянного представителя,Deputy Permanent Representative,чрезвычайный и полномочный посланник 2 класса,Q139927432,"постоянное представительство российской федерации при европейском союзе и европейском сообществе по атомной энергии в брюсселе, бельгия","Permanent Mission of the Russian Federation to the European Union and the European Atomic Energy Community in Brussels, Belgium",Q31
639,1721948,1973-12-17,Филаткин,Filatkin,Дмитрий,Dmitry,Петрович,Petrovich,заместитель постоянного представителя,Deputy Permanent Representative,чрезвычайный и полномочный посланник 2 класса,Q139927432,"постоянное представительство российской федерации при европейском союзе и европейском сообществе по атомной энергии в брюсселе, бельгия","Permanent Mission of the Russian Federation to the European Union and the European Atomic Energy Community in Brussels, Belgium",Q458
640,1721949,1979-12-20,Ханеев,Khaneev,Максим,Maxim,Вячеславович,Vyacheslavovich,советник-посланник,Minister-Counselor,чрезвычайный и полномочный посланник 2 класса,Q139927432,посольство российской федерации в республике гана,Embassy of the Russian Federation in the Republic of Ghana,Q117
641,1721950,1964-02-06,Хапилов,Khapilov,Александр,Alexander,Вадимович,Vadimovich,заместитель директора департамента,Deputy Director of the Department,чрезвычайный и полномочный посланник 2 класса,Q139927432,консульский департамент,consular department,
642,1722484,1976-02-08,Харламова,Kharlamova,Ольга,Olga,Викторовна,Viktorovna,заместитель директора департамента,Deputy Director of the Department,чрезвычайный и полномочный посланник 2 класса,Q139927432,департамент азиатского и тихоокеанского сотрудничества,Department of Asian and Pacific Cooperation,
643,1722485,1967-10-23,Хетагуров,Khetagurov,Алан,Alan,Александрович,Alexandrovich,генеральный консул российской федерации,Consul General of the Russian Federation,чрезвычайный и полномочный посланник 2 класса,Q139927432,"генеральное консульство российской федерации в усть-каменогорске, республика казахстан","Consulate General of the Russian Federation in Ust-Kamenogorsk, Republic of Kazakhstan",Q232
645,836805,1965-04-02,Хоришко,Horishko,Евгений,Evgeny,Викторович,Viktorovich,генеральный консул,Consul General,чрезвычайный и полномочный посланник 2 класса,Q139927432,"генеральное консульство российской федерации в самарканде, республика узбекистан","Consulate General of the Russian Federation in Samarkand, Republic of Uzbekistan",Q265
646,1721953,1978-01-08,Хуторская,Khutorskaya,Вера,Faith,,,советник-посланник,Minister-Counselor,чрезвычайный и полномочный посланник 2 класса,Q139927432,посольство российской федерации в республике таджикистан,Embassy of the Russian Federation in the Republic of Tajikistan,Q863
647,1722486,1977-03-11,Цыганов,Tsyganov,Василий,Vasily,Андреевич,Andreevich,заместитель директора департамента,Deputy Director of the Department,чрезвычайный и полномочный посланник 2 класса,Q139927432,департамент общеевропейского сотрудничества,Department of Pan-European Cooperation,
648,1721954,1971-12-03,Чемерило,Chemerilo,Андрей,Andrey,Александрович,Alexandrovich,генеральный консул,Consul General,чрезвычайный и полномочный посланник 2 класса,Q139927432,"генеральное консульство российской федерации на шпицбергене, королевство норвегия","Consulate General of the Russian Federation in Spitsbergen, Kingdom of Norway",Q20
650,1722487,1978-07-27,Чернов,Chernov,Андрей,Andrey,Анатольевич,Anatolyevich,заместитель директора департамента,Deputy Director of the Department,чрезвычайный и полномочный посланник 2 класса,Q139927432,консульский департамент,consular department,
652,1697121,,Чумаков,Chumakov,Дмитрий,Dmitry,Сергеевич,Sergeevich,заместитель постоянного представителя,Deputy Permanent Representative,чрезвычайный и полномочный посланник 2 класса,Q139927432,"постоянное представительство российской федерации при оон в нью-йорке, соединенные штаты америки","Permanent Mission of the Russian Federation to the United Nations in New York, United States of America",Q30
653,1721955,1971-06-03,Чумарев,Chumarev,Сергей,Sergey,Леонидович,Leonidovich,заместитель директора департамента,Deputy Director of the Department,чрезвычайный и полномочный посланник 2 класса,Q139927432,департамент многостороннего сотрудничества по правам человека,Department of Multilateral Cooperation on Human Rights,
654,1722488,1959-10-15,Шабанов,Shabanov,Андрей,Andrey,Владимирович,Vladimirovich,заместитель директора департамента,Deputy Director of the Department,чрезвычайный и полномочный посланник 2 класса,Q139927432,третий европейский департамент,Third European Department,
655,1721957,1967-11-10,Шамсутдинов,Shamsutdinov,Шамиль,Shamil,Фоатович,Foatovich,заместитель директора департамента,Deputy Director of the Department,чрезвычайный и полномочный посланник 2 класса,Q139927432,третий департамент стран снг,Third Department of the CIS countries,
656,1722489,,Шаповалов,Shapovalov,Олег,Oleg,Вячеславович,Vyacheslavovich,советник-посланник,Minister-Counselor,чрезвычайный и полномочный посланник 2 класса,Q139927432,посольство российской федерации в канаде,Embassy of the Russian Federation in Canada,Q16
657,1721958,1968-04-09,Шатуновский-Бюрно,Shatunovsky-Burno,Сергей,Sergey,Валерьевич,Valerievich,начальник отдела в департаменте,head of department in the department,чрезвычайный и полномочный посланник 2 класса,Q139927432,департамент многостороннего сотрудничества по правам человека,Department of Multilateral Cooperation on Human Rights,
658,1721959,1968-11-05,Шин,Shin,Владимир,Vladimir,Алексеевич,Alekseevich,заместитель директора департамента,Deputy Director of the Department,чрезвычайный и полномочный посланник 2 класса,Q139927432,департамент международной информационной безопасности,Department of International Information Security,
660,1721960,1958-01-01,Шлычкова,Shlychkova,Татьяна,Tatiana,Вениаминовна,Veniaminovna,заместитель директора департамента,Deputy Director of the Department,чрезвычайный и полномочный посланник 2 класса,Q139927432,департамент по многостороннему гуманитарному сотрудничеству и культурным связям,Department of Multilateral Humanitarian Cooperation and Cultural Relations,
661,1722490,1976-04-06,Шмелева,Shmeleva,Наталья,Natalia,Ивановна,Ivanovna,советник-посланник,Minister-Counselor,чрезвычайный и полномочный посланник 2 класса,Q139927432,посольство российской федерации в исламской республике пакистан,Embassy of the Russian Federation in the Islamic Republic of Pakistan,Q843
662,1722491,1976-09-23,Щукин,Shchukin,Петр,Peter,Владиславович,Vladislavovich,советник-посланник,Minister-Counselor,чрезвычайный и полномочный посланник 2 класса,Q139927432,посольство российской федерации в туркменистане,Embassy of the Russian Federation in Turkmenistan,Q874
663,1722492,1977-08-27,Юдин,Yudin,Андрей,Andrey,Дмитриевич,Dmitrievich,заместитель постоянного представителя,Deputy Permanent Representative,чрезвычайный и полномочный посланник 2 класса,Q139927432,"постоянное представительство российской федерации при ассоциации государств юго-восточной азии (асеан) в джакарте, республика индонезия","Permanent Mission of the Russian Federation to the Association of Southeast Asian Nations (ASEAN) in Jakarta, Republic of Indonesia",Q252
664,1722493,1958-11-19,Юдинцев,Yudintsev,Алексей,Alexey,Владимирович,Vladimirovich,советник-посланник,Minister-Counselor,чрезвычайный и полномочный посланник 2 класса,Q139927432,посольство российской федерации в республике кении,Embassy of the Russian Federation in the Republic of Kenya,Q114
665,1722494,1961-08-25,Яковлев,Yakovlev,Владимир,Vladimir,Олегович,Olegovich,советник-посланник,Minister-Counselor,чрезвычайный и полномочный посланник 2 класса,Q139927432,посольство российской федерации в южно-африканской республике,Embassy of the Russian Federation in the Republic of South Africa,Q258
666,1721964,,Янович,Yanovich,Константин,Konstantin,Александрович,Alexandrovich,заместитель директора департамента,Deputy Director of the Department,чрезвычайный и полномочный посланник 2 класса,Q139927432,департамент кадров,HR department,