"person_id","person_name","person__wikidata_item","rank_name","position","rank_item","rank_acquisition_date"
100,Островский Алексей Владимирович,Q4339012,чрезвычайный и полномочный посол,генеральный директор мид россии | руководство,Q137783787,"27.12.2024"
227,Грызлов Борис Вячеславович,Q188296,чрезвычайный и полномочный посол,чрезвычайный и полномочный посол российской федерации | посольство российской федерации в республике белоруссия,Q137783787,"10.06.2022"
666,Лавров Сергей Викторович,Q58217,чрезвычайный и полномочный посол,министр иностранных дел российской федерации | руководство,Q137783787,"05.06.1992"
996,Вязалов Сергей Юрьевич,Q124770455,чрезвычайный и полномочный посол,генеральный директор мид россии | руководство,Q137783787,"10.02.2016"
1737,Зязиков Мурат Магометович,Q561800,чрезвычайный и полномочный посол,чрезвычайный и полномочный посол российской федерации | посольство российской федерации в республике кипр,Q137783787,"09.02.2023"
5352,Титов Владимир Геннадиевич,Q4458253,чрезвычайный и полномочный посол, | ,Q137783787,"10.02.2004"
5372,Сентюрин Юрий Петрович,Q102428569,чрезвычайный и полномочный посол,посол по особым поручениям | группа послов по особым поручениям мид российской федерации,Q137783787,"26.12.2017"
11517,Гатилов Геннадий Михайлович,Q15065272,чрезвычайный и полномочный посол,"постоянный представитель российской федерации | постоянное представительство российской федерации при отделении оон и других международных организациях в женеве, швейцарская конфедерация",Q137783787,"12.07.2010"
11518,Богданов Михаил Леонидович,Q4089252,чрезвычайный и полномочный посол, | ,Q137783787,"31.01.2001"
11519,Мешков Алексей Юрьевич,Q2643961,чрезвычайный и полномочный посол,чрезвычайный и полномочный посол российской федерации | посольство российской федерации во французской республике,Q137783787,"28.12.2004"
11521,Моргулов Игорь Владимирович,Q4302421,чрезвычайный и полномочный посол,чрезвычайный и полномочный посол российской федерации | посольство российской федерации в китайской народной республике,Q137783787,"01.05.2012"
11522,Рябков Сергей Алексеевич,Q4402403,чрезвычайный и полномочный посол,заместитель министра иностранных дел российской федерации | руководство,Q137783787,"04.03.2009"
11523,Небензя Василий Алексеевич,Q1000053,чрезвычайный и полномочный посол,"постоянный представитель российской федерации | постоянное представительство российской федерации при оон в нью-йорке, соединенные штаты америки",Q137783787,"10.02.2014"
11733,Антонов Анатолий Иванович,Q4067324,чрезвычайный и полномочный посол, | ,Q137783787,"12.07.2007"
60756,Иванов Евгений Сергеевич,Q124770196,чрезвычайный и полномочный посол,статс-секретарь-заместитель министра иностранных дел россии | руководство,Q137783787,"10.02.2018"
60757,Панкин Александр Анатольевич,Q64401399,чрезвычайный и полномочный посол,заместитель министра иностранных дел российской федерации | руководство,Q137783787,"10.02.2018"
63632,Овечко Геннадий Алексеевич,Q18634693,чрезвычайный и полномочный посол,директор департамента | департамент по работе с соотечественниками за рубежом,Q137783787,"03.09.2018"
129584,Митрофанова Элеонора Валентиновна,Q3050754,чрезвычайный и полномочный посол,чрезвычайный и полномочный посол российской федерации | посольство российской федерации в республике болгарии,Q137783787,"09.02.2010"
168052,Вершинин Сергей Васильевич,Q18237376,чрезвычайный и полномочный посол,чрезвычайный и полномочный посол российской федерации | посольство российской федерации в турецкой республике,Q137783787,"29.08.2007"
168182,Грушко Александр Викторович,Q3658303,чрезвычайный и полномочный посол,заместитель министра иностранных дел российской федерации | руководство,Q137783787,"12.07.2004"
360463,Дьяков Владимир Александрович,Q140121945,чрезвычайный и полномочный посланник 2 класса,советник-посланник | посольство российской федерации в республике северной македонии,Q139927432,"01.04.2024"
376748,Руденко Андрей Юрьевич,Q85820751,чрезвычайный и полномочный посол,заместитель министра иностранных дел российской федерации | руководство,Q137783787,"02.10.2020"
469241,Верченко Дмитрий Юрьевич,Q130286606,чрезвычайный и полномочный посланник 2 класса,чрезвычайный и полномочный посол российской федерации | посольство российской федерации в многонациональном государстве боливия,Q139927432,"21.07.2015"
580836,Климанов Владимир Александрович,Q140121981,чрезвычайный и полномочный посланник 2 класса,заместитель директора департамента | департамент дипломатическо-курьерской связи,Q139927432,"02.09.2013"
833811,Нечаев Сергей Юрьевич,Q4318244,чрезвычайный и полномочный посол,чрезвычайный и полномочный посол российской федерации | посольство российской федерации в федеративной республике германия,Q137783787,"10.02.2012"
834050,Шебаршин Алексей Леонидович,Q64011214,чрезвычайный и полномочный посол,чрезвычайный и полномочный посол российской федерации | посольство российской федерации в федеративной республике нигерии,Q137783787,"11.06.2019"
834086,Голованов Михаил Алексеевич,Q70252256,чрезвычайный и полномочный посол,чрезвычайный и полномочный посол российской федерации | посольство российской федерации в республике джибути,Q137783787,"29.12.2022"
834093,Викторов Анатолий Дмитриевич,Q53562881,чрезвычайный и полномочный посол,чрезвычайный и полномочный посол российской федерации | посольство российской федерации в государстве израиль,Q137783787,"01.10.2019"
834214,Кураков Дмитрий Викторович,Q16668903,чрезвычайный и полномочный посол,чрезвычайный и полномочный посол российской федерации | посольство российской федерации в республике сенегал,Q137783787,"25.12.2020"
834226,Васина Виктория Михайловна,Q140121902,чрезвычайный и полномочный посланник 2 класса,заместитель директора департамента | департамент государственного протокола,Q139927432,"03.09.2018"
834257,Загайнов Евгений Тимофеевич,Q124769641,чрезвычайный и полномочный посол,"постоянный представитель российской федерации | постоянное представительство российской федерации при асеан в джакарте, индонезия",Q137783787,"02.10.2023"
834286,Ганжа Сергей Павлович,Q136816052,чрезвычайный и полномочный посол,чрезвычайный и полномочный посол российской федерации | посольство российской федерации в республике сингапур,Q137783787,"26.12.2025"
834410,Балакин Дмитрий Александрович,Q140121790,чрезвычайный и полномочный посланник 1 класса,заместитель директора департамента | департамент общеевропейского сотрудничества,Q139927408,"02.10.2023"
834417,Васнецов Олег Владимирович,Q27979827,чрезвычайный и полномочный посол, | ,Q137783787,"13.06.2018"
834467,Афанасьев Михаил Юрьевич,Q15064185,чрезвычайный и полномочный посол, | ,Q137783787,"13.06.2013"
834510,Ермаков Владимир Иванович,NONE,чрезвычайный и полномочный посланник 1 класса,директор департамента | департамент по вопросам нераспространения и контроля над вооружениями,Q139927408,"13.06.2018"
834623,Максимов Максим Константинович,Q29865271,чрезвычайный и полномочный посланник 1 класса,заместитель директора департамента | департамент ближнего востока и северной африки,Q139927408,"02.10.2023"
834675,Толченов Сергей Геннадьевич,Q126953009,чрезвычайный и полномочный посланник 1 класса,"чрезвычайный и полномочный посол российской федерации | посольство российской федерации в республике индонезии, в демократической республике восточный тимор, в независимом государстве папуа-новая гвинея и в республике кирибати по совместительству",Q139927408,"13.06.2018"
834690,Аблаев Азамат Ирекович,Q140121854,чрезвычайный и полномочный посланник 2 класса,заместитель директора департамента | департамент кадров,Q139927432,"13.12.2019"
834728,Романченко Игорь Владимирович,Q60827981,чрезвычайный и полномочный посол, | ,Q137783787,"10.06.2022"
834729,Галузин Михаил Юрьевич,Q4132780,чрезвычайный и полномочный посол,заместитель министра иностранных дел российской федерации | руководство,Q137783787,"16.12.2014"
834766,Бурмистров Борис Аркадьевич,Q140121892,чрезвычайный и полномочный посланник 2 класса,"генеральный консул российской федерации | генеральное консульство российской федерации в исфагане, исламская республика иран",Q139927432,"08.06.2020"
834814,Бойков Евгений Мирославович,Q60835664,чрезвычайный и полномочный посол, | ,Q137783787,"02.10.2023"
834855,Климовский Константин Вячеславович,Q43428694,чрезвычайный и полномочный посол,чрезвычайный и полномочный посол российской федерации | посольство российской федерации в республике маврикий,Q137783787,"09.06.2023"
834864,Вадов Андрей Георгиевич,Q140121894,чрезвычайный и полномочный посланник 2 класса,"генеральный консул российской федерации | генконсульство российской федерации в реште, исламская республика иран",Q139927432,"10.02.2017"
834900,Филатов Юрий Анатольевич,Q18741066,чрезвычайный и полномочный посол,чрезвычайный и полномочный посол российской федерации | посольство российской федерации в ирландии,Q137783787,"04.06.2014"
834907,Гармонин Сергей Викторович,Q28497343,чрезвычайный и полномочный посол,чрезвычайный и полномочный посол российской федерации | посольство российской федерации в швейцарской конфедерации,Q137783787,"10.02.2012"
835049,Князев Павел Русланович,Q140121811,чрезвычайный и полномочный посланник 1 класса,посол по особым поручениям | группа послов по особым поручениям мид российской федерации,Q139927408,"28.12.2018"
835092,Алифанов Сергей Дмитриевич,Q140121857,чрезвычайный и полномочный посланник 2 класса,заместитель директора департамента | департамент дипломатическо-курьерской связи,Q139927432,"17.09.2012"
835121,Кошкин Сергей Николаевич,Q15070319,чрезвычайный и полномочный посол, | ,Q137783787,"23.04.2013"
835245,Кожин Артём Александрович,Q98609670,чрезвычайный и полномочный посол,чрезвычайный и полномочный посол российской федерации | посольство российской федерации в республике сейшельские острова,Q137783787,"26.12.2025"
835659,Томихин Евгений Юрьевич,Q65128394,чрезвычайный и полномочный посол,чрезвычайный и полномочный посол российской федерации | посольство российской федерации в королевстве таиланд,Q137783787,"02.10.2023"
835670,Чальян Карэн Драстаматович,Q56308208,чрезвычайный и полномочный посол,чрезвычайный и полномочный посол российской федерации | посольство российской федерации в республике экваториальная гвинея,Q137783787,"27.12.2024"
835732,Токовинин Александр Аврельевич,Q15071540,чрезвычайный и полномочный посол,чрезвычайный и полномочный посол российской федерации | посольство российской федерации в королевстве бельгия,Q137783787,"30.07.2012"
835919,Ганич Данила Викторович,Q65148735,чрезвычайный и полномочный посланник 1 класса,чрезвычайный и полномочный посол российской федерации | посольство российской федерации в исламской республике пакистан,Q139927408,"12.09.2022"
835957,Грозов Андрей Юрьевич,Q62713977,чрезвычайный и полномочный посол,чрезвычайный и полномочный посол российской федерации | посольство российской федерации в австрийской республике,Q137783787,"13.09.2021"
836020,Кислов Александр Александрович,Q140121810,чрезвычайный и полномочный посланник 1 класса,заместитель директора департамента | генеральный секретариат (департамент),Q139927408,"12.09.2022"
836046,Гуськов Андрей Анатольевич,Q21638568,чрезвычайный и полномочный посол,заместитель директора департамента | латиноамериканский департамент,Q137783787,"08.06.2020"
836110,Полянский Дмитрий Алексеевич,Q64493057,чрезвычайный и полномочный посол,"постоянный представитель российской федерации | постоянное представительство российской федерации при организации по безопасности и сотрудничеству в европе (обсе) в вене, австрийская республика",Q137783787,"26.07.2021"
836227,Егоров Александр Рэмович,Q28497991,чрезвычайный и полномочный посол,чрезвычайный и полномочный посол российской федерации | посольство российской федерации в республике гвинея-бисау,Q137783787,"13.09.2021"
836311,Маслов Андрей Михайлович,Q18245833,чрезвычайный и полномочный посол,чрезвычайный и полномочный посол российской федерации | посольство российской федерации в греческой республике,Q137783787,"10.02.2016"
836348,Лукашевич Александр Казимирович,Q23656173,чрезвычайный и полномочный посол,"постоянный представитель российской федерации | постоянное представительство российской федерации при уставных и других органах содружества независимых государств в минске, республика белоруссия",Q137783787,"10.02.2018"
836412,Соколов Алексей Анатольевич,Q24010799,чрезвычайный и полномочный посланник 1 класса,заместитель директора департамента | департамент экономического сотрудничества,Q139927408,"03.09.2018"
836511,Байбаков Владимир Викторович,Q15064257,чрезвычайный и полномочный посол,чрезвычайный и полномочный посол российской федерации | посольство российской федерации в королевстве марокко,Q137783787,"09.06.2023"
836601,Громыко Игорь Анатольевич,Q4150279,чрезвычайный и полномочный посол,чрезвычайный и полномочный посол российской федерации | посольство российской федерации в республике мали,Q137783787,"13.12.2019"
836625,Аржаев Игорь Николаевич,Q140121862,чрезвычайный и полномочный посланник 2 класса,"генеральный консул российской федерации | генеральное консульство российской федерации в сиднее, австралия",Q139927432,"22.12.2015"
836710,Ефимов Александр Владимирович,Q15206633,чрезвычайный и полномочный посол,чрезвычайный и полномочный посол российской федерации | посольство российской федерации в сирийской арабской республике,Q137783787,"03.09.2018"
836737,Гущин Сергей Сергеевич,Q140121931,чрезвычайный и полномочный посланник 2 класса,главный советник департамента | второй европейский департамент,Q139927432,"13.09.2021"
836739,Догадкин Дмитрий Николаевич,Q55104830,чрезвычайный и полномочный посол,чрезвычайный и полномочный посол российской федерации | посольство российской федерации в государстве катар,Q137783787,"09.06.2023"
836752,Топеха Владимир Владимирович,Q140122144,чрезвычайный и полномочный посланник 2 класса,советник-посланник | посольство российской федерации в корейской народно-демократической республике,Q139927432,"13.06.2024"
836805,Хоришко Евгений Викторович,Q140122165,чрезвычайный и полномочный посланник 2 класса,"генеральный консул | генеральное консульство российской федерации в самарканде, республика узбекистан",Q139927432,"27.06.2022"
836851,Башкин Анатолий Геннадьевич,Q47453187,чрезвычайный и полномочный посол,директор департамента | департамент государств африки (южнее сахары),Q137783787,"26.12.2025"
836855,Калабухов Игорь Андреевич,Q109487598,чрезвычайный и полномочный посол,чрезвычайный и полномочный посол российской федерации | посольство российской федерации в боснии и герцеговине,Q137783787,"29.12.2022"
836909,Лабецкий Алексей Казимирович,Q18244769,чрезвычайный и полномочный посол,чрезвычайный и полномочный посол российской федерации | посольство российской федерации в федеративной республике бразилии,Q137783787,"13.09.2021"
836933,Барбин Владимир Владимирович,Q15090153,чрезвычайный и полномочный посол,чрезвычайный и полномочный посол российской федерации | посольство российской федерации в королевстве дания,Q137783787,"26.12.2017"
836951,Сорокин Виктор Александрович,Q18741037,чрезвычайный и полномочный посол,заместитель директора департамента | второй департамент стран снг,Q137783787,"05.12.2013"
836981,Аскальдович Геннадий Иосифович,Q140121783,чрезвычайный и полномочный посол,посол по особым поручениям | группа послов по особым поручениям мид российской федерации,Q137783787,"09.06.2023"
837029,Шведов Андрей Владимирович,Q18280162,чрезвычайный и полномочный посол,заместитель директора департамента | историко-документальный департамент,Q137783787,"13.06.2018"
837083,Жилко Борис Анатольевич,Q109492160,чрезвычайный и полномочный посол, | ,Q137783787,"28.12.2021"
837090,Новиков Алексей Алексеевич,Q70254899,чрезвычайный и полномочный посол, | ,Q137783787,"07.02.2020"
837194,Шуваев Валерьян Владимирович,Q4527247,чрезвычайный и полномочный посол,чрезвычайный и полномочный посол российской федерации | посольство российской федерации в алжирской народной демократической республике,Q137783787,"21.05.2010"
837335,Рамишвили Теймураз Отарович,Q4389751,чрезвычайный и полномочный посол, | ,Q137783787,"28.01.2004"
837422,Лобанов Дмитрий Дмитриевич,Q109486621,чрезвычайный и полномочный посол,чрезвычайный и полномочный посол российской федерации | посольство российской федерации в великом герцогстве люксембург,Q137783787,"28.12.2021"
837467,Андреев Владимир Вадимович,Q140121858,чрезвычайный и полномочный посланник 2 класса,заместитель директора департамента | департамент по работе с соотечественниками за рубежом,Q139927432,"25.05.2006"
837476,Поляков Александр Дмитриевич,Q4718737,чрезвычайный и полномочный посол,чрезвычайный и полномочный посол российской федерации | посольство российской федерации в республике руанда,Q137783787,"11.06.2019"
837479,Ховаев Игорь Анатольевич,Q21857272,чрезвычайный и полномочный посол,посол по особым поручениям | группа послов по особым поручениям мид российской федерации,Q137783787,"09.02.2023"
837490,Евсиков Алексей Николаевич,Q116264650,чрезвычайный и полномочный посол,чрезвычайный и полномочный посол российской федерации | посольство российской федерации в монголии,Q137783787,"02.10.2023"
837496,Германчук Максим Николаевич,Q140121799,чрезвычайный и полномочный посланник 1 класса,заместитель директора департамента | первый департамент стран снг,Q139927408,"09.06.2023"
837524,Эйвазов Тимур Рафаилович,Q84725567,чрезвычайный и полномочный посланник 1 класса,чрезвычайный и полномочный посол российской федерации | посольство российской федерации в республике словении,Q139927408,"09.02.2021"
837627,Гаппоев Александр Сергеевич,Q140121798,чрезвычайный и полномочный посланник 1 класса,директор департамента | департамент безопасности,Q139927408,"08.11.2023"
837699,Баранов Дмитрий Львович,Q72459699,чрезвычайный и полномочный посланник 2 класса,главный советник департамента | консульский департамент,Q139927432,"07.02.2020"
837763,Рудаков Александр Николаевич,Q98593930,чрезвычайный и полномочный посол,чрезвычайный и полномочный посол российской федерации | посольство российской федерации в ливанской республике,Q137783787,"13.02.2024"
837866,Кадышев Леонид Юрьевич,Q72698975,чрезвычайный и полномочный посланник 1 класса,советник-посланник | посольство российской федерации во французской республике,Q139927408,"29.12.2022"
838236,Солтановский Иван Дмитриевич,Q28500596,чрезвычайный и полномочный посол,чрезвычайный и полномочный посол российской федерации | посольство российской федерации в ватикане,Q137783787,"17.10.2016"
838368,Чепик Георгий Юрьевич,Q84721860,чрезвычайный и полномочный посол,чрезвычайный и полномочный посол российской федерации | посольство российской федерации в республике конго (браззавиль),Q137783787,"02.10.2023"
838373,Забиров Тимур Фатехович,Q109495183,чрезвычайный и полномочный посланник 1 класса,чрезвычайный и полномочный посол российской федерации | посольство российской федерации в объединенных арабских эмиратах,Q139927408,"09.02.2023"
838528,Михайлов Валерий Александрович,Q18246235,чрезвычайный и полномочный посол, | ,Q137783787,"01.10.2019"
838553,Ярахмедов Азим Алаудинович,Q21820702,чрезвычайный и полномочный посол,чрезвычайный и полномочный посол российской федерации | посольство российской федерации в республике замбии,Q137783787,"13.12.2019"
838562,Дарчиев Александр Никитич,Q18613657,чрезвычайный и полномочный посол,чрезвычайный и полномочный посол российской федерации | посольство российской федерации в соединенных штатах америки,Q137783787,"10.02.2016"
838585,Тарасенко Сергей Михайлович,Q140121840,чрезвычайный и полномочный посланник 1 класса,заместитель директора департамента | департамент по вопросам новых вызовов и угроз,Q139927408,"18.02.2015"
838592,Батманов Андрей Кимович,Q140121870,чрезвычайный и полномочный посланник 2 класса,главный советник департамента | департамент ситуационно-кризисный центр,Q139927432,"08.06.2020"
838643,Винокуров Владимир Николаевич,Q28497288,чрезвычайный и полномочный посол,чрезвычайный и полномочный посол российской федерации | посольство российской федерации в республике гватемала,Q137783787,"10.06.2017"
838740,Сафронков Владимир Карпович,Q29225113,чрезвычайный и полномочный посол,посол по особым поручениям | группа послов по особым поручениям мид российской федерации,Q137783787,"02.10.2023"
838829,Ульянов Михаил Иванович,Q56308285,чрезвычайный и полномочный посол,"постоянный представитель российской федерации | постоянное представительство российской федерации при международных организациях в вене, австрийская республика",Q137783787,"10.02.2017"
838897,Буравов Андрей Вячеславович,Q140121891,чрезвычайный и полномочный посланник 2 класса,"генеральный консул российской федерации | генеральное консульство российской федерации в стамбуле, турецкая республика",Q139927432,"17.01.2011"
839222,Будаев Андрей Владимирович,Q19907863,чрезвычайный и полномочный посол, | ,Q137783787,"28.12.2021"
839245,Болтаев Джамшед Мухамедович,Q140121882,чрезвычайный и полномочный посланник 2 класса,"генеральный консул российской федерации | генеральное консульство российской федерации в басре, республика ирак",Q139927432,"08.02.2019"
839263,Ноздрев Николай Станиславович,Q124770979,чрезвычайный и полномочный посланник 1 класса,чрезвычайный и полномочный посол российской федерации | посольство российской федерации в японии,Q139927408,"28.12.2018"
839295,Любинский Дмитрий Евгеньевич,Q21104570,чрезвычайный и полномочный посол,заместитель министра иностранных дел российской федерации | руководство,Q137783787,"10.02.2016"
839317,Андреев Сергей Вадимович,Q4065528,чрезвычайный и полномочный посол,чрезвычайный и полномочный посол российской федерации | посольство российской федерации в словацкой республике,Q137783787,"28.12.2004"
839404,Калачев Александр Александрович,Q140121969,чрезвычайный и полномочный посланник 2 класса,"генеральный консул российской федерации | генеральное консульство российской федерации в стамбуле, турецкая республика",Q139927432,"13.02.2024"
839420,Баздникин Сергей Александрович,Q60827558,чрезвычайный и полномочный посол,директор департамента | историко-документальный департамент,Q137783787,"02.10.2023"
839427,Алимов Александр Сергеевич,Q136815717,чрезвычайный и полномочный посол,заместитель министра иностранных дел российской федерации | руководство,Q137783787,"11.06.2025"
839476,Двинянин Алексей Аркадьевич,Q55104407,чрезвычайный и полномочный посланник 1 класса,заместитель директора департамента | департамент ситуационно-кризисный центр,Q139927408,"02.10.2020"
839653,Ежов Сергей Павлович,Q140121805,чрезвычайный и полномочный посланник 1 класса,посол по особым поручениям | группа послов по особым поручениям мид российской федерации,Q139927408,"11.06.2025"
839683,Полищук Алексей Анатольевич,Q140121787,чрезвычайный и полномочный посол,директор департамента (член коллегии) | второй департамент стран снг,Q137783787,"09.02.2023"
839903,Гончар Денис Владимирович,Q124771355,чрезвычайный и полномочный посол,чрезвычайный и полномочный посол российской федерации | посольство российской федерации в королевстве бельгия,Q137783787,"13.02.2024"
839914,Тавдумадзе Николай Карлович,Q23656586,чрезвычайный и полномочный посол,чрезвычайный и полномочный посол российской федерации | посольство российской федерации в республике колумбии,Q137783787,"28.12.2021"
839948,Коронелли Виктор Викторович,Q4233966,чрезвычайный и полномочный посол,чрезвычайный и полномочный посол российской федерации | посольство российской федерации в республике куба,Q137783787,"10.02.2018"
839973,Спринчан Владимир Иванович,Q41573926,чрезвычайный и полномочный посол,чрезвычайный и полномочный посол российской федерации | посольство российской федерации в республике эквадор,Q137783787,"02.10.2023"
840009,Соломатин Алексей Владимирович,Q15076897,чрезвычайный и полномочный посол,чрезвычайный и полномочный посол российской федерации | посольство российской федерации в алжирской народной демократической республике,Q137783787,"11.06.2025"
840046,Амбаров Роман Евгеньевич,Q130286610,чрезвычайный и полномочный посол,чрезвычайный и полномочный посол российской федерации | посольство российской федерации в южно-африканской республике и королевстве лесото по совместительству,Q137783787,"01.10.2024"
840212,Васильев Виктор Львович,Q18237276,чрезвычайный и полномочный посол,посол по особым поручениям | группа послов по особым поручениям мид российской федерации,Q137783787,"11.06.2019"
840271,Кемарский Андрей Вадимович,Q4759182,чрезвычайный и полномочный посол,чрезвычайный и полномочный посол российской федерации | посольство российской федерации в республике ботсвана,Q137783787,"14.12.2012"
840276,Феоктистов Дмитрий Валерьевич,Q60827702,чрезвычайный и полномочный посол,чрезвычайный и полномочный посол российской федерации | посольство российской федерации в аргентинской республике,Q137783787,"01.04.2024"
840280,Азизов Искандер Кубарович,Q16166631,чрезвычайный и полномочный посол,чрезвычайный и полномочный посол российской федерации | посольство российской федерации в республике союз мьянма,Q137783787,"08.06.2020"
840464,Копыркин Сергей Павлович,Q56307557,чрезвычайный и полномочный посол,чрезвычайный и полномочный посол российской федерации | посольство российской федерации в республике армения,Q137783787,"28.12.2021"
840732,Макаров Николай Валентинович,Q60827474,чрезвычайный и полномочный посланник 1 класса,заместитель директора департамента | департамент ближнего востока и северной африки,Q139927408,"13.09.2021"
840825,Баранов Анатолий Александрович,Q138609592,чрезвычайный и полномочный посол,директор департамента | управление делами (департамент),Q137783787,"26.12.2025"
840832,Колесников Евгений Иванович,Q140121991,чрезвычайный и полномочный посланник 2 класса,начальник отдела в департаменте | департамент лингвистического обеспечения,Q139927432,"10.06.2022"
840890,Векленко Андрей Викторович,Q28497262,чрезвычайный и полномочный посланник 1 класса,заместитель директора департамента | департамент северной америки,Q139927408,"05.05.2016"
840894,Исаков Алексей Викторович,Q109486604,чрезвычайный и полномочный посол,чрезвычайный и полномочный посол российской федерации | посольство российской федерации в восточной республике уругвай,Q137783787,"13.09.2021"
840921,Запевалов Владимир Васильевич,Q140121807,чрезвычайный и полномочный посланник 1 класса,посол по особым поручениям | группа послов по особым поручениям мид российской федерации,Q139927408,"09.06.2023"
840928,Зуев Георгий Викторович,Q60836056,чрезвычайный и полномочный посол,чрезвычайный и полномочный посол российской федерации | посольство российской федерации в новой зеландии,Q137783787,"02.10.2023"
841014,Антонюк Владислав Викторович,Q140121861,чрезвычайный и полномочный посланник 2 класса,заместитель директора департамента | департамент по вопросам нераспространения и контроля над вооружениями,Q139927432,"10.02.2016"
841087,Козлов Сергей Георгиевич,Q15069041,чрезвычайный и полномочный посол,чрезвычайный и полномочный посол российской федерации | посольство российской федерации в королевстве саудовская аравия,Q137783787,"10.02.2018"
841195,Нуризаде Александр Беюкович,Q124770075,чрезвычайный и полномочный посол,чрезвычайный и полномочный посол российской федерации | посольство российской федеоации в хорватии,Q137783787,"09.02.2023"
841280,Татаринцев Виктор Иванович,Q15074664,чрезвычайный и полномочный посол, | ,Q137783787,"16.07.2012"
841284,Петров Сергей Владимирович,NONE,чрезвычайный и полномочный посол,посол по особым поручениям | группа послов по особым поручениям мид российской федерации,Q137783787,"27.12.2024"
841356,Беджанян Юрий Вартанович,Q70254625,чрезвычайный и полномочный посол,чрезвычайный и полномочный посол российской федерации | посольство российской федерации в республике коста-рика,Q137783787,"29.12.2022"
841377,Клименко Юрий Николаевич,Q115280763,чрезвычайный и полномочный посол,чрезвычайный и полномочный посол российской федерации | посольство российской федерации в королевстве испания,Q137783787,"09.06.2023"
841443,Кузьмин Валерий Иванович,Q4245337,чрезвычайный и полномочный посол, | ,Q137783787,"17.11.2009"
841493,Гремитских Александр Юрьевич,Q110096961,чрезвычайный и полномочный посланник 2 класса,советник-посланник | посольство российской федерации в королевстве норвегия,Q139927432,"14.02.2006"
841494,Петрачков Александр Федорович,Q140121829,чрезвычайный и полномочный посланник 1 класса,помощник министра | генеральный секретариат (департамент),Q139927408,"03.09.2018"
841665,Хотулев Иван Брониславович,Q140121846,чрезвычайный и полномочный посланник 1 класса,"генеральный консул российской федерации | генеральное консульство российской федерации в зальцбурге, австрия",Q139927408,"03.09.2018"
841742,Нестеренко Андрей Алексеевич,Q4317737,чрезвычайный и полномочный посол, | ,Q137783787,"15.07.2005"
841804,Довгаленко Татьяна Евгеньевна,Q136815744,чрезвычайный и полномочный посол,директор департамента | департамент партнерства с африкой,Q137783787,"11.06.2025"
841817,Масленников Владислав Владиславович,Q71164408,чрезвычайный и полномочный посол,директор департамента | департамент европейских проблем,Q137783787,"09.06.2023"
841849,Боровик Анатолий Васильевич,Q97343747,чрезвычайный и полномочный посол,чрезвычайный и полномочный посол российской федерации | посольство российской федерации в королевстве камбоджа,Q137783787,"09.02.2023"
841896,Змеевский Александр Владимирович,Q18242464,чрезвычайный и полномочный посол, | ,Q137783787,"28.07.2008"
841984,Мозго Игорь Николаевич,Q109493923,чрезвычайный и полномочный посланник 1 класса,чрезвычайный и полномочный посол российской федерации | посольство российской федерации в государстве эритрея,Q139927408,"09.06.2023"
842041,Кремнев Игорь Александрович,Q60835640,чрезвычайный и полномочный посланник 1 класса,заместитель директора департамента | департамент ближнего востока и северной африки,Q139927408,"25.12.2020"
842058,Богдашев Игорь Викторович,Q124770171,чрезвычайный и полномочный посол,директор департамента | департамент государственного протокола,Q137783787,"12.09.2022"
842125,Седых Владимир Васильевич,Q140121838,чрезвычайный и полномочный посланник 1 класса,заместитель директора департамента | третий европейский департамент,Q139927408,"03.09.2018"
842174,Аляутдинов Ринат Жафярович,Q120279437,чрезвычайный и полномочный посол,"постоянный представитель российской федерации | постоянное представительство российской федерации при юнеско в париже, французская республика",Q137783787,"09.06.2023"
842283,Беляев Игорь Алексеевич,Q40029902,чрезвычайный и полномочный посланник 1 класса,заместитель директора департамента | департамент ближнего востока и северной африки,Q139927408,"11.06.2019"
842473,Десятников Глеб Феликсович,Q65147835,чрезвычайный и полномочный посол,чрезвычайный и полномочный посол российской федерации | посольство российской федерации в иорданском хашимитском королевстве,Q137783787,"02.10.2023"
842492,Доровских Алексей Борисович,Q140121938,чрезвычайный и полномочный посланник 2 класса,"генеральный консул российской федерации | генеральное консульство российской федерации в женеве, швейцарская конфедерация",Q139927432,"08.06.2020"
842497,Хохоликов Александр Николаевич,Q47453478,чрезвычайный и полномочный посол, | ,Q137783787,"29.12.2022"
842601,Лукашик Александр Петрович,Q28836368,чрезвычайный и полномочный посол,чрезвычайный и полномочный посол российской федерации | посольство российской федерации в черногории,Q137783787,"01.10.2024"
842609,Хорев Михаил Владимирович,Q140121788,чрезвычайный и полномочный посол,посол по особым поручениям | группа послов по особым поручениям мид российской федерации,Q137783787,"09.06.2023"
842617,Оранский Станислав Валерьевич,Q140122076,чрезвычайный и полномочный посланник 2 класса,"генеральный консул российской федерации | генеральное консульство российской федерации в марселе, французская республика",Q139927432,"29.12.2022"
842714,Овчинников Алексей Михайлович,Q131305457,чрезвычайный и полномочный посол,директор департамента | департамент азиатского и тихоокеанского сотрудничества,Q137783787,"01.10.2024"
842776,Климов Алексей Владимирович,Q124770248,чрезвычайный и полномочный посол,директор департамента | консульский департамент,Q137783787,"08.11.2023"
842871,Искандаров Ильяс Фархадович,Q106355035,чрезвычайный и полномочный посол,чрезвычайный и полномочный посол российской федерации | посольство российской федерации в республике конго,Q137783787,"02.10.2023"
842893,Борисенко Георгий Евгеньевич,Q97343745,чрезвычайный и полномочный посол,заместитель министра иностранных дел российской федерации | руководство,Q137783787,"10.02.2018"
842998,Желтов Владимир Филиппович,Q56308102,чрезвычайный и полномочный посол,чрезвычайный и полномочный посол российской федерации | посольство российской федерации в государстве кувейт,Q137783787,"02.10.2023"
843002,Максимычев Дмитрий Игоревич,Q56308093,чрезвычайный и полномочный посол, | ,Q137783787,"02.10.2023"
843103,Петрович Сергей Святославович,Q109492484,чрезвычайный и полномочный посол,чрезвычайный и полномочный посол российской федерации | посольство российской федерации на ямайке,Q137783787,"28.12.2021"
843202,Кузнецов Павел Маратович,Q4245044,чрезвычайный и полномочный посол,чрезвычайный и полномочный посол российской федерации | посольство российской федерации в финляндской республике,Q137783787,"23.04.2013"
843245,Кутрашев Эльбрус Кириллович,Q109490858,чрезвычайный и полномочный посланник 1 класса,чрезвычайный и полномочный посол российской федерации | посольство российской федерации в республике ирак,Q139927408,"09.02.2023"
843326,Тараров Владимир Николаевич,Q39082657,чрезвычайный и полномочный посол,чрезвычайный и полномочный посол российской федерации | посольство российской федерации в республике мозамбик,Q137783787,"10.02.2022"
843359,Дронов Алексей Александрович,Q140121803,чрезвычайный и полномочный посланник 1 класса,"генеральный консул российской федерации | генеральное консульство российской федерации в бонне, федеративная республика германия",Q139927408,"08.11.2023"
843384,Материй Юрий Борисович,Q41199641,чрезвычайный и полномочный посол,чрезвычайный и полномочный посол российской федерации | посольство российской федерации в республике кабо-верде,Q137783787,"08.06.2020"
843395,Курмаз Александр Сергеевич,Q55653779,чрезвычайный и полномочный посол, | ,Q137783787,"02.10.2023"
843470,Боцан-Харченко Александр Аркадьевич,Q4095272,чрезвычайный и полномочный посол,чрезвычайный и полномочный посол российской федерации | посольство российской федерации в республике сербии,Q137783787,"10.02.2017"
843622,Красильников Николай Владимирович,Q84721857,чрезвычайный и полномочный посланник 1 класса, | ,Q139927408,"13.09.2021"
843662,Кулик Андрей Борисович,Q60827388,чрезвычайный и полномочный посол, | ,Q137783787,"28.12.2018"
843705,Буачидзе Гоча Леванович,Q140121793,чрезвычайный и полномочный посланник 1 класса,руководитель миссии российской федерации | представительство российской федерации при палестинской национальной администрации в рамалле,Q139927408,"25.12.2020"
843788,Сентебов Алексей Леонидович,Q40037788,чрезвычайный и полномочный посол, | ,Q137783787,"09.02.2023"
844011,Капырин Игорь Николаевич,Q140121809,чрезвычайный и полномочный посланник 1 класса,"директор департамента | департамент по связям с субъектами федерации, парламентом и общественными объединениями",Q139927408,"08.07.2016"
844095,Станиславов Евгений Арнольдович,Q107262941,чрезвычайный и полномочный посол,чрезвычайный и полномочный посол российской федерации | посольство российской федерации в венгрии,Q137783787,"13.09.2021"
844311,Камынин Михаил Леонидович,Q4211833,чрезвычайный и полномочный посол,чрезвычайный и полномочный посол российской федерации | посольство российской федерации в португальской республике,Q137783787,"13.11.2007"
844322,Баринова Надежда Михайловна,Q124770178,чрезвычайный и полномочный посол,директор департамента (член коллегии) | историко-документальный департамент,Q137783787,"09.02.2021"
844340,Токмаков Владимир Георгиевич,Q140121841,чрезвычайный и полномочный посланник 1 класса,"генеральный консул российской федерации | генеральное консульство российской федерации в сан-паулу, федеративная республика бразилия",Q139927408,"13.06.2018"
844585,Удовиченко Николай Николаевич,Q24668916,чрезвычайный и полномочный посол, | ,Q137783787,"13.09.2021"
844593,Степанов Олег Владимирович,Q109489862,чрезвычайный и полномочный посол,чрезвычайный и полномочный посол российской федерации | посольство российской федерации в канаде,Q137783787,"09.06.2023"
844636,Ерхов Алексей Владимирович,Q30880268,чрезвычайный и полномочный посол,чрезвычайный и полномочный посол российской федерации | посольство российской федерации в республике узбекистан,Q137783787,"28.12.2018"
844639,Липаев Владимир Георгиевич,Q111033873,чрезвычайный и полномочный посол,чрезвычайный и полномочный посол российской федерации | посольство российской федерации в румынии,Q137783787,"20.02.2023"
844677,Суриков Александр Васильевич,Q40039888,чрезвычайный и полномочный посол,чрезвычайный и полномочный посол российской федерации | посольство российской федерации в республике мозамбик,Q137783787,"12.09.2022"
844716,Бикантов Александр Михайлович,Q112992859,чрезвычайный и полномочный посланник 1 класса,чрезвычайный и полномочный посол российской федерации | посольство российской федерации в центральноафриканской республике,Q139927408,"10.06.2022"
844851,Терехин Евгений Евгеньевич,Q65129933,чрезвычайный и полномочный посол,чрезвычайный и полномочный посол российской федерации | посольство российской федерации в федеративной демократической республике эфиопии,Q137783787,"09.02.2023"
844886,Аганин Айдар Рашидович,Q28839968,чрезвычайный и полномочный посланник 1 класса,чрезвычайный и полномочный посол российской федерации | посольство российской федерации в государстве ливия,Q139927408,"02.10.2023"
844887,Латыпов Наиль Мазгутович,Q97661636,чрезвычайный и полномочный посол,чрезвычайный и полномочный посол российской федерации | посольство российской федерации в малайзии,Q137783787,"01.11.2025"
844914,Дейнеко Александр Михайлович,Q140121801,чрезвычайный и полномочный посланник 1 класса,заместитель директора департамента | департамент по вопросам нераспространения и контроля над вооружениями,Q139927408,"26.12.2017"
844962,Жесткий Сергей Владимирович,Q137427649,чрезвычайный и полномочный посланник 1 класса,чрезвычайный и полномочный посол российской федерации | посольство российской федерации в лаосской народно-демократической республике,Q139927408,"13.06.2024"
845083,Каргаполов Анатолий Владимирович,Q140121975,чрезвычайный и полномочный посланник 2 класса,"генеральный консул российской федерации | генеральное консульство российской федерации в гонконге (сянгане), китайская народная республика",Q139927432,"11.06.2019"
845218,Бородавкин Алексей Николаевич,Q4094465,чрезвычайный и полномочный посол,чрезвычайный и полномочный посол российской федерации | посольство российской федерации в республике казахстан,Q137783787,"28.09.2004"
845267,Авдеев Олег Николаевич,Q140121856,чрезвычайный и полномочный посланник 2 класса,"генеральный консул российской федерации | генеральное консульство российской федерации в ченнаи, республика индия",Q139927432,"01.10.2019"
845408,Бондаренко Валерий Алексеевич,Q140121883,чрезвычайный и полномочный посланник 2 класса,начальник отдела в департаменте | третий департамент стран снг,Q139927432,"10.06.2017"
845638,Калинин Владимир Анатольевич,Q84724113,чрезвычайный и полномочный посланник 1 класса, | ,Q139927408,"13.09.2021"
845643,Кудашев Николай Ришатович,Q15070631,чрезвычайный и полномочный посол,чрезвычайный и полномочный посол российской федерации | посольство российской федерации в республике сингапур,Q137783787,"11.06.2019"
845787,Юшманов Андрей Константинович,Q140121852,чрезвычайный и полномочный посланник 1 класса,ведущий эксперт | департамент безопасности,Q139927408,"03.09.2018"
845796,Павловский Алексей Викторович,Q65148465,чрезвычайный и полномочный посол,директор департамента | второй департамент азии,Q137783787,"10.06.2017"
845813,Евдокимов Игорь Дмитриевич,Q18239098,чрезвычайный и полномочный посол,чрезвычайный и полномочный посол российской федерации | посольство российской федерации в республике бенин,Q137783787,"10.02.2018"
845846,Егоров Евгений Николаевич,Q140121804,чрезвычайный и полномочный посланник 1 класса,заместитель директора департамента | департамент кадров,Q139927408,"13.02.2024"
845853,Жирнов Дмитрий Александрович,Q97343779,чрезвычайный и полномочный посланник 1 класса,чрезвычайный и полномочный посол российской федерации | посольство российской федерации в исламской республике афганистан,Q139927408,"10.02.2022"
845971,Мацегора Александр Иванович,Q21106538,чрезвычайный и полномочный посол,чрезвычайный и полномочный посол российской федерации | посольство российской федерации в корейской народно-демократической республике,Q137783787,"01.10.2019"
846085,Соколенко Владимир Григорьевич,Q56308082,чрезвычайный и полномочный посол,чрезвычайный и полномочный посол российской федерации | посольство российской федерации в республике чад,Q137783787,"09.06.2023"
846103,Мелик-Багдасаров Сергей Михайлович,Q97459498,чрезвычайный и полномочный посол,чрезвычайный и полномочный посол российской федерации | посольство российской федерации в боливарианской республике венесуэла,Q137783787,"12.09.2022"
846139,Горлач Юрий Андреевич,Q123291095,чрезвычайный и полномочный посол,директор департамента | департамент ситуационно-кризисный центр,Q137783787,"09.06.2023"
846211,Келин Андрей Владимирович,Q15845826,чрезвычайный и полномочный посол,чрезвычайный и полномочный посол российской федерации | посольство российской федерации в соединенном королевстве великобритании и северной ирландии,Q137783787,"14.11.2012"
846335,Шульгин Александр Васильевич,Q4527538,чрезвычайный и полномочный посол, | ,Q137783787,"06.03.2007"
1201672,Суровцев Алексей Владимирович,,чрезвычайный и полномочный посланник 2 класса,"генеральный консул российской федерации | генеральное консульство российской федерации в мумбаи, республика индия",Q139927432,"11.06.2021"
1318602,Шлыков Константин Владимирович,Q111842714,чрезвычайный и полномочный посланник 2 класса,советник | департамент ситуационно-кризисный центр,Q139927432,"10.06.2022"
1395512,Булгаков Илья Андреевич,Q140121890,чрезвычайный и полномочный посланник 2 класса,советник-посланник | посольство российской федерации в иорданском хашимитском королевстве,Q139927432,"01.04.2024"
1574200,Тимашов Валерий Петрович,Q140122142,чрезвычайный и полномочный посланник 2 класса,"генеральный консул российской федерации | генеральное консульство российской федерации в трабзоне, турецкая республика",Q139927432,"11.06.2025"
1697121,Чумаков Дмитрий Сергеевич,Q140122170,чрезвычайный и полномочный посланник 2 класса,"заместитель постоянного представителя | постоянное представительство российской федерации при оон в нью-йорке, соединенные штаты америки",Q139927432,"11.06.2021"
1721334,Швыдкой Михаил Ефимович,Q827054,чрезвычайный и полномочный посол,советник министра | генеральный секретариат (департамент),Q137783787,"09.06.2023"
1721527,Бутин Сергей Владимирович,Q120281339,чрезвычайный и полномочный посол,первый заместитель министра иностранных дел российской федерации | руководство,Q137783787,"08.06.2020"
1721530,Ванин Михаил Валентинович,Q4103372,чрезвычайный и полномочный посол,посол по особым поручениям | группа послов по особым поручениям мид российской федерации,Q137783787,"10.01.2006"
1721783,Ёлкин Александр Георгиевич,Q140121952,чрезвычайный и полномочный посланник 2 класса,советник-посланник | посольство российской федерации в литовской республике,Q139927432,"10.02.2025"
1721784,Абакаров Юсуп Мурадбекович,Q140121853,чрезвычайный и полномочный посланник 2 класса,"генеральный консул | генеральное консульство российской федерации в джидде, королевство саудовская аравия",Q139927432,"10.02.2025"
1721785,Алипов Денис Евгеньевич,Q112992858,чрезвычайный и полномочный посол,чрезвычайный и полномочный посол российской федерации | посольство российской федерации в республике индии,Q137783787,"10.06.2022"
1721786,Андриашин Сергей ,Q140121859,чрезвычайный и полномочный посланник 2 класса,советник-посланник | посольство российской федерации в исландии,Q139927432,"11.06.2025"
1721787,Бакеева Екатерина Николаевна,Q140121866,чрезвычайный и полномочный посланник 2 класса,заместитель директора департамента | третий департамент азии,Q139927432,"01.11.2025"
1721788,Барабанов Вадим Леонидович,Q140121867,чрезвычайный и полномочный посланник 2 класса,советник-посланник | посольство российской федерации в тунисской республике,Q139927432,"13.09.2021"
1721789,Барилович Михаил Анатольевич,Q140121868,чрезвычайный и полномочный посланник 2 класса,заместитель директора департамента | департамент лингвистического обеспечения,Q139927432,"13.06.2018"
1721790,Батадеев Александр Викторович,Q140121869,чрезвычайный и полномочный посланник 2 класса,советник-посланник | посольство российской федерации в мексиканских соединенных штатах,Q139927432,"01.11.2025"
1721791,Бездетко Геннадий Степанович,Q109490441,чрезвычайный и полномочный посол,чрезвычайный и полномочный посол российской федерации | посольство российской федерации в социалистической республике вьетнам,Q137783787,"26.12.2025"
1721792,Бердыев Марат Владимирович,Q140121784,чрезвычайный и полномочный посол,посол по особым поручениям | группа послов по особым поручениям мид российской федерации,Q137783787,"01.11.2025"
1721793,Бибишев Андрей Александрович,Q140121877,чрезвычайный и полномочный посланник 2 класса,"генеральный консул российской федерации | генеральное консульство российской федерации в оше, киргизская республика",Q139927432,"07.11.2012"
1721794,Билялитдинов Амир Анверович,Q140121878,чрезвычайный и полномочный посланник 2 класса,заместитель директора департамента | четвертый департамент стран снг,Q139927432,"29.12.2022"
1721795,Биричевская Ольга Юрьевна,Q140121879,чрезвычайный и полномочный посланник 2 класса,заместитель директора департамента | третий департамент стран снг,Q139927432,"26.12.2025"
1721796,Биричевский Дмитрий Анатольевич,Q136815712,чрезвычайный и полномочный посол,директор департамента | департамент экономического сотрудничества,Q137783787,"11.06.2025"
1721797,Боряк Василий Владимирович,Q140121885,чрезвычайный и полномочный посланник 2 класса,ведущий эксперт | департамент северной америки,Q139927432,"10.06.2017"
1721798,Братчиков Игорь Борисович,Q4096013,чрезвычайный и полномочный посол, | ,Q137783787,"29.12.2005"
1721799,Броварец Андрей Петрович,Q140121792,чрезвычайный и полномочный посланник 1 класса,посол по особым поручениям | группа послов по особым поручениям мид российской федерации,Q139927408,"26.12.2025"
1721800,Бурляй Максим Янович,Q140121795,чрезвычайный и полномочный посланник 1 класса,заместитель директора департамента | департамент информации и печати,Q139927408,"26.12.2025"
1721801,Буякевич Максим Витальевич,Q140121893,чрезвычайный и полномочный посланник 2 класса,"заместитель постоянного представителя | постоянное представительство российской федерации при организации по безопасности и сотрудничеству в европе (обсе) в вене, австрийская республика",Q139927432,"29.12.2022"
1721802,Варганов Евгений Юрьевич,Q140121895,чрезвычайный и полномочный посланник 2 класса,заместитель директора департамента | департамент экономического сотрудничества,Q139927432,"01.04.2024"
1721803,Варич Николай Николаевич,Q140121896,чрезвычайный и полномочный посланник 2 класса,заместитель директора департамента | департамент африки,Q139927432,"29.12.2022"
1721804,Василян Карен Ашотович,Q140121901,чрезвычайный и полномочный посланник 2 класса,"генеральный консул российской федерации | генконсульство российской федерации в александрии, арабская республика египет",Q139927432,"13.06.2024"
1721805,Ведринская Мария Евгеньевна,Q140121903,чрезвычайный и полномочный посланник 2 класса,"генеральный консул российской федерации | генконсульство российской федерации в генуе, итальянская республика",Q139927432,"13.02.2024"
1721806,Ветрик Сергей ,Q140121904,чрезвычайный и полномочный посланник 2 класса,"генеральный консул российской федерации | генконсульство российской федерации в анталье, турецкая республика",Q139927432,"11.06.2025"
1721807,Вешкурцев Василий Михайлович,Q140121905,чрезвычайный и полномочный посланник 2 класса,советник-посланник | посольство российской федерации в австрийской республике,Q139927432,"09.06.2023"
1721808,Владимир Николай Михайлович,Q16630585,чрезвычайный и полномочный посол,ведущий эксперт | генеральный секретариат (департамент),Q137783787,"11.02.2008"
1721809,Владышевский Феодосий Александрович,Q140121907,чрезвычайный и полномочный посланник 2 класса,"генеральный консул российской федерации | генеральное консульство российской федерации в гродно, республика белоруссия",Q139927432,"13.09.2021"
1721810,Волгарев Александр Александрович,Q140121797,чрезвычайный и полномочный посланник 1 класса,"заместитель постоянного представителя | постоянное представительство российской федерации при организации по безопасности и сотрудничеству в европе (обсе) в вене, австрийская республика",Q139927408,"13.02.2024"
1721811,Волоковых Петр Сергеевич,Q140121910,чрезвычайный и полномочный посланник 2 класса,советник-посланник | посольство российской федерации в азербайджанской республике,Q139927432,"02.10.2023"
1721812,Волынкин Иван Кириллович,Q15065088,чрезвычайный и полномочный посол,чрезвычайный и полномочный посол российской федерации | посольство российской федерации в туркменистане,Q137783787,"01.10.2019"
1721813,Воскресенский Филипп Сергеевич,Q140121912,чрезвычайный и полномочный посланник 2 класса,начальник отдела в департаменте | департамент информации и печати,Q139927432,"29.12.2022"
1721814,Вушкарник Антон Валерьевич,Q140121913,чрезвычайный и полномочный посланник 2 класса,"заместитель постоянного представителя | постоянное представительство российской федерации при организации по безопасности и сотрудничеству в европе (обсе) в вене, австрийская республика",Q139927432,"26.12.2025"
1721815,Голубовский Игорь Леонидович,Q124769907,чрезвычайный и полномочный посол,"постоянный представитель российской федерации | постоянное представительство российской федерации при продовольственной и сельскохозяйственной организации оон (фао) и др. мо со сходными функциями в риме, италия",Q137783787,"02.10.2020"
1721816,Голубовский Руслан Юрьевич,Q140121921,чрезвычайный и полномочный посланник 2 класса,"генеральный консул | генеральное консульство российской федерации в кейптауне, южно-африканская республика",Q139927432,"13.09.2021"
1721817,Гоменюк Александр Евгеньевич,Q140121922,чрезвычайный и полномочный посланник 2 класса,заместитель директора департамента | генеральный секретариат (департамент),Q139927432,"17.10.2016"
1721818,Гребенщиков Всеволод Эдуардович,Q140121926,чрезвычайный и полномочный посланник 2 класса,заместитель директора департамента | департамент внешнеполитического планирования,Q139927432,"09.06.2023"
1721819,Гуенков Валерий Иванович,Q140121928,чрезвычайный и полномочный посланник 2 класса,советник-посланник | посольство российской федерации в республике корея,Q139927432,"29.12.2022"
1721820,Даровских Федор Олегович,Q140121932,чрезвычайный и полномочный посланник 2 класса,главный советник департамента | латиноамериканский департамент,Q139927432,"09.02.2021"
1721821,Дейнего Владислав Николаевич,Q28799078,чрезвычайный и полномочный посланник 1 класса,руководитель представительства | представительство мид российской федерации в г. луганске,Q139927408,"13.06.2024"
1721822,Демурин Дмитрий ,Q140121934,чрезвычайный и полномочный посланник 2 класса,заместитель директора департамента | второй департамент стран снг,Q139927432,"27.12.2024"
1721823,Демяненко Игорь Витальевич,Q140121935,чрезвычайный и полномочный посланник 2 класса,зам.руководителя терр.органа в субъекте рф-зам.представ.мин-ва | представительство мид россии в санкт-петербурге,Q139927432,"20.05.2021"
1721824,Джиоев Азар Заурбегович,Q140121936,чрезвычайный и полномочный посланник 2 класса,"заместитель постоянного представителя | постоянное представительство российской федерации при организации по запрещению химического оружия в гааге, королевство нидерландов",Q139927432,"13.06.2024"
1721825,Дробинин Алексей Юрьевич,Q131783603,чрезвычайный и полномочный посол,директор департамента (член коллегии) | департамент внешнеполитического планирования,Q137783787,"27.12.2024"
1721826,Дьяконенко Сергей Александрович,Q140121944,чрезвычайный и полномочный посланник 2 класса,заместитель директора департамента | генеральный секретариат (департамент),Q139927432,"28.12.2021"
1721827,Желоховцев Иван Алексеевич,Q140121806,чрезвычайный и полномочный посланник 1 класса,директор департамента | первый департамент азии,Q139927408,"01.10.2024"
1721828,Замятина Галина Игоревна,Q140121958,чрезвычайный и полномочный посланник 2 класса,главный советник департамента | четвертый европейский департамент,Q139927432,"08.07.2016"
1721829,Зевахин Тимур ,Q140121960,чрезвычайный и полномочный посланник 2 класса,заместитель директора департамента | департамент азиатского и тихоокеанского сотрудничества,Q139927432,"11.06.2025"
1721830,Зезюлин Александр Николаевич,Q140121961,чрезвычайный и полномочный посланник 2 класса,советник-посланник | посольство российской федерации во французской республике,Q139927432,"12.09.2022"
1721831,Зиновьев Георгий Вениаминович,Q123731017,чрезвычайный и полномочный посол,чрезвычайный и полномочный посол российской федерации | посольство российской федерации в республике корея,Q137783787,"13.06.2024"
1721832,Ивахин Андрей Юрьевич,Q140121964,чрезвычайный и полномочный посланник 2 класса,советник-посланник | посольство российской федерации в монголии,Q139927432,"10.02.2026"
1721833,Идамкин Алексей Михайлович,Q140121965,чрезвычайный и полномочный посланник 2 класса,"генеральный консул российской федерации | генеральное консульство российской федерации в мале, мальдивская республика",Q139927432,"01.04.2024"
1721834,Инюшкин Игорь Николаевич,Q140121967,чрезвычайный и полномочный посланник 2 класса,начальник отдела в департаменте | четвертый европейский департамент,Q139927432,"08.06.2020"
1721835,Кабулов Замир Набиевич,Q4206757,чрезвычайный и полномочный посол,директор департамента (член коллегии) | второй департамент азии,Q137783787,"12.07.2010"
1721836,Кандауров Руслан Измаилович,Q140121972,чрезвычайный и полномочный посланник 2 класса,"генеральный консул российской федерации | генеральное консульство российской федерации в гюмри, республика армения",Q139927432,"13.06.2024"
1721837,Керестеджиянц Алексей Леонидович,Q140121977,чрезвычайный и полномочный посланник 2 класса,главный советник департамента | департамент ситуационно-кризисный центр,Q139927432,"04.06.2014"
1721838,Кинщак Александр Александрович,Q4719314,чрезвычайный и полномочный посол,директор департамента | департамент ближнего востока и северной африки,Q137783787,"10.02.2017"
1721839,Кожанов Константин Петрович,Q18243696,чрезвычайный и полномочный посланник 1 класса,"заместитель директора департамента | департамент по связям с субъектами федерации,парламентом и общественными объединениями",Q139927408,"08.07.2016"
1721840,Кондратенков Михаил Юрьевич,Q140121994,чрезвычайный и полномочный посланник 2 класса,заместитель директора департамента | департамент по вопросам нераспространения и контроля над вооружениями,Q139927432,"10.02.2026"
1721841,Кононученко Сергей Борисович,Q140121812,чрезвычайный и полномочный посланник 1 класса,посол по особым поручениям | группа послов по особым поручениям мид российской федерации,Q139927408,"09.06.2023"
1721842,Коныгин Николай Александрович,Q140121995,чрезвычайный и полномочный посланник 2 класса,"генеральный консул российской федерации | генеральное консульство российской федерации в киркенесе, королевство норвегия",Q139927432,"13.06.2024"
1721843,Конякин Игорь Юрьевич,Q140121996,чрезвычайный и полномочный посланник 2 класса,"начальник отдела в департаменте | департамент по связям с субъектами федерации,парламентом и общественными объединениями",Q139927432,"10.06.2017"
1721844,Коржуев Алексей Вячеславович,Q140121999,чрезвычайный и полномочный посланник 2 класса,советник-посланник | посольство российской федерации в королевстве бельгия,Q139927432,"23.06.2014"
1721845,Корляков Алексей Владимирович,Q140121813,чрезвычайный и полномочный посланник 1 класса,советник-посланник | посольство российской федерации в федеративной республике германия,Q139927408,"28.12.2021"
1721846,Коротун Юлия Владимировна,Q140122003,чрезвычайный и полномочный посланник 2 класса,заместитель директора департамента | департамент лингвистического обеспечения,Q139927432,"10.02.2026"
1721847,Корунова Марина Олеговна,Q140122004,чрезвычайный и полномочный посланник 2 класса,заместитель директора департамента | департамент многостороннего сотрудничества по правам человека,Q139927432,"21.02.2011"
1721848,Корчунов Николай Викторович,Q123156588,чрезвычайный и полномочный посол,чрезвычайный и полномочный посол российской федерации | посольство российской федерации в королевстве норвегия,Q137783787,"02.10.2023"
1721849,Косилин Андрей Алексеевич,Q140122006,чрезвычайный и полномочный посланник 2 класса,"генеральный консул | генеральное консульство российской федерации в констанце, румыния",Q139927432,"10.02.2025"
1721850,Косоногов Иван Федорович,Q140122007,чрезвычайный и полномочный посланник 2 класса,"генеральный консул российской федерации | генеральное консульство российской федерации в познани, республика польша",Q139927432,"13.09.2021"
1721851,Краминцев Сергей Анатольевич,Q140122010,чрезвычайный и полномочный посланник 2 класса,советник-посланник | посольство российской федерации в монголии,Q139927432,"29.12.2022"
1721852,Кранс Станислав Максимович,Q140122011,чрезвычайный и полномочный посланник 2 класса,начальник отдела в департаменте | генеральный секретариат (департамент),Q139927432,"02.10.2023"
1721853,Красницкий Олег Юзефович,Q140121814,чрезвычайный и полномочный посланник 1 класса,"генеральный консул российской федерации | генеральное консульство российской федерации в мюнхене,федеративная республика германия",Q139927408,"10.02.2014"
1721854,Кружков Владимир Анатольевич,Q140122012,чрезвычайный и полномочный посланник 2 класса,заместитель директора департамента | департамент кадров,Q139927432,"26.12.2025"
1721855,Кудояров Артём Тамерланович,Q140122013,чрезвычайный и полномочный посланник 2 класса,заместитель директора департамента | департамент безопасности,Q139927432,"17.11.2009"
1721856,Кудров Евгений Александрович,Q136816924,чрезвычайный и полномочный посланник 2 класса,чрезвычайный и полномочный посол российской федерации | посольство российской федерации в йеменской республике,Q139927432,"13.06.2024"
1721857,Кузнеделев Денис Владимирович,Q140122016,чрезвычайный и полномочный посланник 2 класса,заместитель директора департамента | четвертый европейский департамент,Q139927432,"13.06.2018"
1721858,Кулахметов Марат Минюрович,Q2563234,чрезвычайный и полномочный посол,чрезвычайный и полномочный посол российской федерации | посольство российской федерации в республике южная осетия,Q137783787,"02.10.2023"
1721859,Кулькин Дмитрий Иванович,Q140122021,чрезвычайный и полномочный посланник 2 класса,советник-посланник | посольство российской федерации в республике корея,Q139927432,"10.02.2026"
1721860,Кульмухаметов Азамат Рахметович,Q4246562,чрезвычайный и полномочный посол,советник министра | генеральный секретариат (департамент),Q137783787,"01.05.2012"
1721861,Ланчиков Андрей Викторович,Q140122023,чрезвычайный и полномочный посланник 2 класса,советник-посланник | посольство российской федерации в республике узбекистан,Q139927432,"01.10.2019"
1721862,Ленёв Владимир Николаевич,Q140122026,чрезвычайный и полномочный посланник 2 класса,начальник отдела в департаменте | департамент международных организаций,Q139927432,"17.10.2016"
1721863,Летошнев Александр Вячеславович,Q140122028,чрезвычайный и полномочный посланник 2 класса,"заместитель постоянного представителя | постоянное представительство российской федерации при отделении оон и других международных организациях в женеве, швейцарская конфедерация",Q139927432,"12.09.2022"
1721864,Ливичук Василий Геннадьевич,Q140122029,чрезвычайный и полномочный посланник 2 класса,начальник отдела в департаменте | департамент африки,Q139927432,"10.02.2016"
1721865,Лобач Дмитрий Анатольевич,Q15071283,чрезвычайный и полномочный посол,чрезвычайный и полномочный посол российской федерации | посольство российской федерации в республике намибии,Q137783787,"12.09.2022"
1721866,Логвинов Кирилл Михайлович,Q140121817,чрезвычайный и полномочный посланник 1 класса,"заместитель постоянного представителя | постоянное представительство российской федерации при европейском союзе и европейском сообществе по атомной энергии в брюсселе, бельгия",Q139927408,"02.10.2023"
1721867,Лопухов Андрей Георгиевич,Q109495897,чрезвычайный и полномочный посол,чрезвычайный и полномочный посол российской федерации | посольство российской федерации в республике мальта,Q137783787,"11.06.2019"
1721868,Лукьянцев Дмитрий Евгеньевич,Q140121818,чрезвычайный и полномочный посланник 1 класса,"генеральный консул российской федерации | генеральное консульство российской федерации в шанхае, китайская народная республика",Q139927408,"26.12.2025"
1721869,Лукьянцев Григорий Евгеньевич,Q140121786,чрезвычайный и полномочный посол,директор департамента | департамент многостороннего сотрудничества по правам человека,Q137783787,"01.11.2025"
1721870,Лутай Геннадий Анатольевич,Q140122035,чрезвычайный и полномочный посланник 2 класса,главный советник департамента | департамент по вопросам нераспространения и контроля над вооружениями,Q139927432,"23.08.2005"
1721871,Лысиков Сергей Владимирович,Q140122036,чрезвычайный и полномочный посланник 2 класса,советник-посланник | посольство российской федерации в республике албании,Q139927432,"09.06.2023"
1721872,Люкманов Артур Рушанович,Q140121821,чрезвычайный и полномочный посланник 1 класса,директор департамента | департамент международной информационной безопасности,Q139927408,"02.10.2023"
1721873,Ляхов Валерий Владимирович,Q140122039,чрезвычайный и полномочный посланник 2 класса,начальник отдела в департаменте | третий европейский департамент,Q139927432,"23.06.2014"
1721874,Магута Сергей Михайлович,Q120266571,чрезвычайный и полномочный посланник 2 класса,"генеральный консул российской федерации | генеральное консульство российской федерации в зальцбурге, австрийская республика",Q139927432,"17.06.2008"
1721875,Малаян Карен Карпушевич,Q140122043,чрезвычайный и полномочный посланник 2 класса,"заместитель постоянного представителя | постоянное представительство российской федерации при европейском союзе и европейском сообществе по атомной энергии в брюсселе, бельгия",Q139927432,"10.06.2017"
1721876,Малаян Эдуард Рубенович,Q4277568,чрезвычайный и полномочный посол,ведущий эксперт | генеральный секретариат (департамент),Q137783787,"14.11.2007"
1721877,Маленко Алексей Владимирович,Q138609628,чрезвычайный и полномочный посланник 2 класса,чрезвычайный и полномочный посол российской федерации | посольство российской федерации в исламской республике мавритании,Q139927432,"10.02.2022"
1721878,Мальгинов Олег Сергеевич,Q4279408,чрезвычайный и полномочный посол, | ,Q137783787,"18.02.2015"
1721879,Мантыцкий Александр Викентьевич,Q18740960,чрезвычайный и полномочный посол, | ,Q137783787,"28.12.2021"
1721880,Маслин Валерий Владимирович,Q140122048,чрезвычайный и полномочный посланник 2 класса,"заместитель директора департамента | департамент по связям с субъектами федерации,парламентом и общественными объединениями",Q139927432,"28.12.2021"
1721881,Масюк Дмитрий Анатольевич,Q140122049,чрезвычайный и полномочный посланник 2 класса,заместитель директора департамента | четвертый департамент стран снг,Q139927432,"11.06.2019"
1721882,Машков Григорий Иванович,Q16675102,чрезвычайный и полномочный посланник 2 класса,посол по особым поручениям | группа послов по особым поручениям мид российской федерации,Q139927432,"07.07.2007"
1721883,Мгеладзе Нана Михайловна,Q140122052,чрезвычайный и полномочный посланник 2 класса,"генеральный консул российской федерации | генеральное консульство российской федерации в гаване, республика куба",Q139927432,"02.10.2023"
1721884,Мирошник Родион Валерьевич,Q110068355,чрезвычайный и полномочный посланник 1 класса,посол по особым поручениям | группа послов по особым поручениям мид российской федерации,Q139927408,"01.04.2024"
1721885,Михно Георгий Викторович,Q138566590,чрезвычайный и полномочный посланник 1 класса,чрезвычайный и полномочный посол российской федерации | посольство российской федерации в республике польша,Q139927408,"13.06.2018"
1721886,Молотков Иван Николаевич,Q16677574,чрезвычайный и полномочный посланник 1 класса,заместитель директора департамента | департамент ближнего востока и северной африки,Q139927408,"10.02.2017"
1721887,Моргунов Илья Анатольевич,Q15073486,чрезвычайный и полномочный посол, | ,Q137783787,"02.10.2023"
1721888,Мордвинцев Юрий Тимофеевич,Q140122061,чрезвычайный и полномочный посланник 2 класса,ведущий эксперт | второй департамент стран снг,Q139927432,"28.06.2006"
1721889,Москаленко Денис Игоревич,Q140122063,чрезвычайный и полномочный посланник 2 класса,"генеральный консул российской федерации | генеральное консульство российской федерации в эдинбурге, соединенное королевство великобритании и северной ирландии",Q139927432,"01.11.2025"
1721890,Мурашев Олег Юрьевич,Q140122064,чрезвычайный и полномочный посланник 2 класса,"генеральный консул российской федерации | генеральное консульство российской федерации в бресте, республика белоруссия",Q139927432,"10.06.2017"
1721891,Мусихин Максим Вячеславович,Q140121825,чрезвычайный и полномочный посланник 1 класса,директор департамента | правовой департамент,Q139927408,"13.02.2024"
1721892,Настасьин Андрей Евгеньевич,Q140122067,чрезвычайный и полномочный посланник 2 класса,заместитель директора департамента | департамент информации и печати,Q139927432,"08.06.2020"
1721893,Нешумов Евгений Юрьевич,Q140122069,чрезвычайный и полномочный посланник 2 класса,советник-посланник | посольство российской федерации в республике панама,Q139927432,"28.12.2021"
1721894,Ниорадзе Василий Владимирович,Q140122072,чрезвычайный и полномочный посланник 2 класса,заместитель директора департамента | департамент информации и печати,Q139927432,"10.02.2025"
1721895,Оверченко Сергей Александрович,Q140121826,чрезвычайный и полномочный посланник 1 класса,заместитель директора департамента | третий департамент стран снг,Q139927408,"01.04.2024"
1721896,Ордаш Андрей Эдуардович,Q140122077,чрезвычайный и полномочный посланник 2 класса,чрезвычайный и полномочный посол российской федерации | посольство российской федерации в республике гана,Q139927432,"03.09.2018"
1721897,Орешенкова Наталия Евгеньевна,Q140122078,чрезвычайный и полномочный посланник 2 класса,"заместитель постоянного представителя российской федерации | постоянное представительство российской федерации при всемирной торговой организации (вто) в женеве, швейцарская конфедерация",Q139927432,"11.06.2025"
1721898,Осьмаков Андрей Иванович,Q140122080,чрезвычайный и полномочный посланник 2 класса,начальник отдела в департаменте | департамент безопасности,Q139927432,"20.05.2021"
1721899,Пальтов Сергей Юрьевич,Q140121828,чрезвычайный и полномочный посланник 1 класса,заместитель директора департамента | четвертый департамент стран снг,Q139927408,"01.10.2024"
1721900,Петраков Михаил Иванович,Q15079490,чрезвычайный и полномочный посол,чрезвычайный и полномочный посол российской федерации | посольство российской федерации в австралии,Q137783787,"03.09.2018"
1721901,Пилипсон Юрий Валентинович,Q124770727,чрезвычайный и полномочный посол,директор департамента | четвертый европейский департамент,Q137783787,"29.12.2023"
1721902,Плихин Петр Генрихович,Q110096900,чрезвычайный и полномочный посланник 2 класса,советник-посланник | посольство российской федерации в финляндской республике,Q139927432,"05.12.2013"
1721903,Поваляев Андрей Петрович,Q140122089,чрезвычайный и полномочный посланник 2 класса,советник-посланник | посольство российской федерации в китайской народной республике,Q139927432,"01.11.2025"
1721904,Подолько Елена Олеговна,Q140122091,чрезвычайный и полномочный посланник 2 класса,заместитель директора департамента | департамент государственного протокола,Q139927432,"01.11.2025"
1721905,Подъёлышев Андрей Леонидович,Q131783564,чрезвычайный и полномочный посол,чрезвычайный и полномочный посол российской федерации | посольство российской федерации в федеративной республике нигерии,Q137783787,"11.06.2025"
1721906,Прицепов Андрей Анатольевич,Q136816181,чрезвычайный и полномочный посол,"чрезвычайный и полномочный посол российской федерации | посольство российской федерации в кооперативной республике гайана, сент-винсенте и гренадинах, республике тринидад и тобаго по совместительству",Q137783787,"10.02.2026"
1721907,Прожогин Сергей Николаевич,Q140121832,чрезвычайный и полномочный посланник 1 класса,заместитель директора департамента | департамент северной атлантики,Q139927408,"01.11.2025"
1721908,Пронин Василий Львович,Q140122094,чрезвычайный и полномочный посланник 2 класса,начальник отдела в департаменте | консульский департамент,Q139927432,"08.02.2019"
1721909,Пугаев Андрей Евгеньевич,Q140121835,чрезвычайный и полномочный посланник 1 класса,заместитель директора департамента | департамент кадров,Q139927408,"01.10.2024"
1721910,Равилова-Боровик Диляра Салихзяновна,Q140122097,чрезвычайный и полномочный посланник 2 класса,"заместитель постоянного представителя | постоянное представительство российской федерации при продовольственной и сельскохозяйственной организации оон (фао) и др. мо со сходными функциями в риме, италия",Q139927432,"13.12.2019"
1721911,Райдер Максим Георгиевич,Q140122098,чрезвычайный и полномочный посланник 2 класса,заместитель директора департамента | департамент безопасности,Q139927432,"09.02.2023"
1721912,Рещиков Сергей Юрьевич,Q134382182,чрезвычайный и полномочный посланник 1 класса,чрезвычайный и полномочный посол российской федерации | посольство российской федерации в республике гватемала,Q139927408,"01.11.2025"
1721913,Рогачев Илья Игоревич,Q70254811,чрезвычайный и полномочный посол,чрезвычайный и полномочный посол российской федерации | посольство российской федерации в южно-африканской республике,Q137783787,"13.06.2018"
1721914,Рогоза Олег Васильевич,Q140122102,чрезвычайный и полномочный посланник 2 класса,заместитель директора департамента | историко-документальный департамент,Q139927432,"07.02.2020"
1721915,Российский Михаил Анатольевич,Q140122104,чрезвычайный и полномочный посланник 2 класса,советник-посланник | посольство российской федерации в итальянской республике,Q139927432,"11.06.2025"
1721916,Рубин Максим Олегович,Q140122105,чрезвычайный и полномочный посланник 2 класса,"генеральный консул | генеральное консульство российской федерации в эрбиле, республика ирак",Q139927432,"10.02.2025"
1721917,Рыковсков Дмитрий Витальевич,Q140122107,чрезвычайный и полномочный посланник 2 класса,заместитель директора департамента | второй департамент стран снг,Q139927432,"09.02.2023"
1721918,Рябков Геннадий Геннадьевич,Q140122108,чрезвычайный и полномочный посланник 2 класса,начальник отдела в департаменте | первый департамент азии,Q139927432,"10.06.2022"
1721919,Садулин Роман Ярулович,Q140122111,чрезвычайный и полномочный посланник 2 класса,заместитель директора департамента | управление делами (департамент),Q139927432,"13.06.2024"
1721920,Салимуллин Ленар Шамилевич,Q140122112,чрезвычайный и полномочный посланник 2 класса,советник-посланник | посольство российской федерации в эстонской республике,Q139927432,"13.06.2024"
1721921,Сапоженков Кирилл Александрович,Q140122113,чрезвычайный и полномочный посланник 2 класса,советник-посланник | посольство российской федерации в словацкой республике,Q139927432,"01.04.2024"
1721922,Свистин Роман Викторович,Q140122114,чрезвычайный и полномочный посланник 2 класса,"генеральный консул российской федерации | генеральное консульство российской федерации в оше, киргизская республика",Q139927432,"03.09.2018"
1721923,Семиволос Владлен Станиславович,Q21152631,чрезвычайный и полномочный посол,чрезвычайный и полномочный посол российской федерации | посольство российской федерации в республике уганда,Q137783787,"12.09.2022"
1721924,Сентенкова Наталья Николаевна,Q140122122,чрезвычайный и полномочный посланник 2 класса,советник-посланник | посольство российской федерации в республике перу,Q139927432,"12.09.2022"
1721925,Середняков Константин Викторович,Q140122124,чрезвычайный и полномочный посланник 2 класса,заместитель директора департамента | департамент северной америки,Q139927432,"08.06.2020"
1721926,Синегубов Алексей Леонидович,Q140122126,чрезвычайный и полномочный посланник 2 класса,заместитель директора департамента | четвертый департамент стран снг,Q139927432,"25.12.2020"
1721927,Скосырев Алексей Владимирович,Q120267213,чрезвычайный и полномочный посланник 1 класса,чрезвычайный и полномочный посол российской федерации | посольство российской федерации в королевстве бахрейн,Q139927408,"01.10.2024"
1721928,Соколов-Щербачев Кирилл Геннадиевич,Q140122131,чрезвычайный и полномочный посланник 2 класса,заместитель директора департамента | департамент информационного обеспечения,Q139927432,"13.02.2024"
1721929,Софинский Николай Всеволодович,Q15076779,чрезвычайный и полномочный посол,чрезвычайный и полномочный посол российской федерации | посольство российской федерации в мексиканских соединенных штатах,Q137783787,"02.10.2023"
1721930,Стерник Александр Вадимович,Q124770427,чрезвычайный и полномочный посол,директор департамента (член коллегии) | третий департамент стран снг,Q137783787,"10.06.2017"
1721931,Стукало Алексей Алексеевич,Q140122134,чрезвычайный и полномочный посланник 2 класса,заместитель директора департамента | департамент экономического сотрудничества,Q139927432,"13.06.2018"
1721932,Сумкин Григорий Владимирович,Q140121839,чрезвычайный и полномочный посланник 1 класса,заместитель директора департамента | департамент общеевропейского сотрудничества,Q139927408,"02.10.2023"
1721933,Табачинский Игорь Михайлович,Q140122137,чрезвычайный и полномочный посланник 2 класса,заместитель директора департамента | второй европейский департамент,Q139927432,"13.09.2021"
1721934,Талыбов Эльшад Муталим оглы,Q140122138,чрезвычайный и полномочный посланник 2 класса,советник-посланник | посольство российской федерации в лаосской народно-демократической республике,Q139927432,"11.06.2025"
1721935,Темников Денис Михайлович,Q140122139,чрезвычайный и полномочный посланник 2 класса,советник-посланник | посольство российской федерации в республике сингапур,Q139927432,"11.06.2025"
1721936,Темяшов Андрей Иванович,Q140122140,чрезвычайный и полномочный посланник 2 класса,советник-посланник | посольство российской федерации в республике сербии,Q139927432,"01.10.2024"
1721937,Терских Александр Александрович,Q140122141,чрезвычайный и полномочный посланник 2 класса,"генеральный консул российской федерации | генеральное консульство российской федерации в осаке, япония",Q139927432,"01.10.2024"
1721938,Тихазе Карл Карлович,Q131305865,чрезвычайный и полномочный посланник 1 класса,чрезвычайный и полномочный посол российской федерации | посольство российской федерации в демократической республике конго,Q139927408,"13.02.2024"
1721939,Тодуа Георгий Владимирович,Q19916949,чрезвычайный и полномочный посол,чрезвычайный и полномочный посол российской федерации | посольство российской федерации в республике камерун,Q137783787,"01.04.2024"
1721940,Торотенков Сергей Владимирович,Q140122145,чрезвычайный и полномочный посланник 2 класса,главный советник департамента | второй европейский департамент,Q139927432,"01.10.2019"
1721941,Троянский Григорий Михайлович,Q140122147,чрезвычайный и полномочный посланник 2 класса,советник-посланник | посольство российской федерации в федеративной республике бразилия,Q139927432,"10.02.2026"
1721942,Трушин Федор Филиппович,Q140122148,чрезвычайный и полномочный посланник 2 класса,заместитель директора департамента | управление делами (департамент),Q139927432,"10.02.2025"
1721943,Тураев Дмитрий Александрович,Q140122149,чрезвычайный и полномочный посланник 2 класса,"генеральный консул | генеральное консульство российской федерации в алма-ате, республика казахстан",Q139927432,"26.12.2025"
1721944,Тяпкин Олег Николаевич,Q124770092,чрезвычайный и полномочный посол,директор департамента (член коллегии) | третий европейский департамент,Q137783787,"09.02.2021"
1721945,Устинов Григорий Владимирович,Q140122150,чрезвычайный и полномочный посланник 2 класса,заместитель директора департамента | департамент международных организаций,Q139927432,"02.10.2023"
1721946,Фабричников Андрей Аркадьевич,Q140122152,чрезвычайный и полномочный посланник 2 класса,"генеральный консул российской федерации | генеральное консульство российской федерации в саппоро, япония",Q139927432,"10.06.2017"
1721947,Федеряков Сергей Геннадьевич,Q140122154,чрезвычайный и полномочный посланник 2 класса,"заместитель постоянного представителя | постоянное представительство российской федерации при международных организациях в вене, австрийская республика",Q139927432,"25.12.2020"
1721948,Филаткин Дмитрий Петрович,Q140122158,чрезвычайный и полномочный посланник 2 класса,"заместитель постоянного представителя | постоянное представительство российской федерации при европейском союзе и европейском сообществе по атомной энергии в брюсселе, бельгия",Q139927432,"12.09.2022"
1721949,Ханеев Максим Вячеславович,Q140122160,чрезвычайный и полномочный посланник 2 класса,советник-посланник | посольство российской федерации в республике гана,Q139927432,"13.02.2024"
1721950,Хапилов Александр Вадимович,Q140122161,чрезвычайный и полномочный посланник 2 класса,заместитель директора департамента | консульский департамент,Q139927432,"13.12.2019"
1721951,Хозин Александр Григорьевич,Q131305813,чрезвычайный и полномочный посланник 2 класса,чрезвычайный и полномочный посол российской федерации | посольство российской федерации в народной республике бангладеш,Q139927432,"10.02.2012"
1721952,Хорев Альберт Павлович,Q124770245,чрезвычайный и полномочный посланник 1 класса,чрезвычайный и полномочный посол российской федерации | посольство российской федерации в исламской республике пакистан,Q139927408,"01.04.2024"
1721953,Хуторская Вера ,Q140122166,чрезвычайный и полномочный посланник 2 класса,советник-посланник | посольство российской федерации в республике таджикистан,Q139927432,"27.12.2024"
1721954,Чемерило Андрей Александрович,Q140122168,чрезвычайный и полномочный посланник 2 класса,"генеральный консул | генеральное консульство российской федерации на шпицбергене, королевство норвегия",Q139927432,"10.02.2025"
1721955,Чумарев Сергей Леонидович,Q140122171,чрезвычайный и полномочный посланник 2 класса,заместитель директора департамента | департамент многостороннего сотрудничества по правам человека,Q139927432,"11.06.2025"
1721956,Шаманов Олег Анатольевич,Q140121847,чрезвычайный и полномочный посланник 1 класса,советник-посланник | посольство российской федерации в королевстве таиланд,Q139927408,"09.06.2023"
1721957,Шамсутдинов Шамиль Фоатович,Q140122173,чрезвычайный и полномочный посланник 2 класса,заместитель директора департамента | третий департамент стран снг,Q139927432,"29.12.2022"
1721958,Шатуновский-Бюрно Сергей Валерьевич,Q140122175,чрезвычайный и полномочный посланник 2 класса,начальник отдела в департаменте | департамент многостороннего сотрудничества по правам человека,Q139927432,"28.12.2018"
1721959,Шин Владимир Алексеевич,Q140122176,чрезвычайный и полномочный посланник 2 класса,заместитель директора департамента | департамент международной информационной безопасности,Q139927432,"09.06.2023"
1721960,Шлычкова Татьяна Вениаминовна,Q140122177,чрезвычайный и полномочный посланник 2 класса,заместитель директора департамента | департамент по многостороннему гуманитарному сотрудничеству и культурным связям,Q139927432,"25.12.2020"
1721961,Штодин Дмитрий Ильич,Q140121851,чрезвычайный и полномочный посланник 1 класса,"генеральный консул российской федерации | генеральное консульство российской федерации в милане, итальянская республика",Q139927408,"10.02.2022"
1721962,Шувалов Константин Викторович,Q4527271,чрезвычайный и полномочный посол,посол по особым поручениям | группа послов по особым поручениям мид российской федерации,Q137783787,"02.07.2003"
1721963,Шургалин Михаил Александрович,Q112993706,чрезвычайный и полномочный посланник 1 класса,чрезвычайный и полномочный посол российской федерации | посольство российской федерации в республике абхазия,Q139927408,"09.06.2023"
1721964,Янович Константин Александрович,Q140122183,чрезвычайный и полномочный посланник 2 класса,заместитель директора департамента | департамент кадров,Q139927432,"10.02.2026"
1722023,Авдеев Андрей Станиславович,Q140121855,чрезвычайный и полномочный посланник 2 класса,"заместитель директора департамента | департамент по связям с субъектами федерации,парламентом и общественными объединениями",Q139927432,"29.12.2022"
1722024,Аветисян Андрей Левонович,Q4055717,чрезвычайный и полномочный посол,чрезвычайный и полномочный посол российской федерации | посольство российской федерации в объединенной республике танзании,Q137783787,"28.12.2018"
1722025,Агасандян Микаэл Вадимович,Q112992677,чрезвычайный и полномочный посол,директор департамента | первый департамент стран снг,Q137783787,"11.06.2025"
1722026,Андреев Андрей Владимирович,Q15845822,чрезвычайный и полномочный посол,чрезвычайный и полномочный посол российской федерации | посольство российской федерации в республике мадагаскар,Q137783787,"28.12.2021"
1722027,Анисимов Леонид Владимирович,Q140121860,чрезвычайный и полномочный посланник 2 класса,советник-посланник | посольство российской федерации в финляндской республике,Q139927432,"15.08.2013"
1722028,Аристов Андрей Андреевич,Q140121863,чрезвычайный и полномочный посланник 2 класса,советник-посланник | посольство российской федерации в республике ирак,Q139927432,"02.10.2023"
1722029,Артамонов Александр Ростиславович,Q140121864,чрезвычайный и полномочный посланник 2 класса,главный советник департамента | департамент азиатского и тихоокеанского сотрудничества,Q139927432,"13.09.2021"
1722030,Баранов Михаил Владимирович,Q18236188,чрезвычайный и полномочный посол,чрезвычайный и полномочный посол российской федерации | посольство российской федерации в государстве бруней-даруссалам,Q137783787,"09.06.2023"
1722031,Белинский Владимир Григорьевич,Q130286204,чрезвычайный и полномочный посланник 1 класса,чрезвычайный и полномочный посол российской федерации | посольство российской федерации в республике чили,Q139927408,"27.12.2024"
1722032,Варламов Андрей Николаевич,Q140121897,чрезвычайный и полномочный посланник 2 класса,"генеральный консул российской федерации | генконсульство российской федерации в гродно, республика белоруссия",Q139927432,"13.09.2021"
1722033,Гаврилов Константин Юрьевич,Q131305924,чрезвычайный и полномочный посланник 2 класса,чрезвычайный и полномочный посол российской федерации | посольство российской федерации в республике панама,Q139927432,"06.02.2009"
1722034,Галактионова Елена Владимировна,Q140121917,чрезвычайный и полномочный посланник 2 класса,директор департамента | департамент по многостороннему гуманитарному сотрудничеству и культурным связям,Q139927432,"01.04.2024"
1722035,Дедов Алексей Юрьевич,Q18238584,чрезвычайный и полномочный посол,чрезвычайный и полномочный посол российской федерации | посольство российской федерации в исламской республике иран,Q137783787,"09.06.2023"
1722036,Демин Алексей Михайлович,Q55652636,чрезвычайный и полномочный посланник 1 класса,заместитель директора департамента | третий департамент стран снг,Q139927408,"10.06.2017"
1722037,Евдокимов Михаил Николаевич,Q120279638,чрезвычайный и полномочный посол,чрезвычайный и полномочный посол российской федерации | посольство российской федерации в азербайджанской республике,Q137783787,"13.06.2018"
1722038,Епифанов Владлен Викторович,Q140121953,чрезвычайный и полномочный посланник 2 класса,"генеральный консул российской федерации | генеральное консульство российской федерации в торонто, канада",Q139927432,"10.02.2026"
1722039,Зайнутдинов Руслан Амирович,Q140121957,чрезвычайный и полномочный посланник 2 класса,"генеральный консул российской федерации | генеральное консульство российской федерации в дархане, монголия",Q139927432,"29.12.2022"
1722040,Зайцев Алексей Анатольевич,Q130285919,чрезвычайный и полномочный посланник 1 класса,чрезвычайный и полномочный посол российской федерации | посольство российской федерации в албании,Q139927408,"13.06.2024"
1722041,Захаров Александр Константинович,Q140121959,чрезвычайный и полномочный посланник 2 класса, | ,Q139927432,"10.02.2016"
1722042,Захарова Мария Владимировна,Q20812953,чрезвычайный и полномочный посол,директор департамента (член коллегии) | департамент информации и печати,Q137783787,"08.06.2020"
1722043,Зейналова Ирада Автандиловна,Q15066985,чрезвычайный и полномочный посол,чрезвычайный и полномочный посол российской федерации | посольство российской федерации в республике маврикий,Q137783787,"01.11.2025"
1722044,Иванов Андрей Павлович,Q138609583,чрезвычайный и полномочный посол,директор департамента | департамент кадров,Q137783787,"26.12.2025"
1722045,Ильичев Петр Викторович,Q28819033,чрезвычайный и полномочный посланник 1 класса,директор департамента | департамент по вопросам новых вызовов и угроз,Q139927408,"28.12.2018"
1722046,Калугин Михаил Александрович,Q140121971,чрезвычайный и полномочный посланник 2 класса,директор департамента | четвертый департамент стран снг,Q139927432,"09.06.2023"
1722047,Касаткин Дмитрий Витальевич,Q140121976,чрезвычайный и полномочный посланник 2 класса,начальник отдела в департаменте | департамент экономического сотрудничества,Q139927432,"08.06.2020"
1722048,Королев Михаил Юрьевич,Q140122001,чрезвычайный и полномочный посланник 2 класса,руководитель территориального органа в субъекте рф - представитель министерства | представительство мид россии в барнауле,Q139927432,"01.10.2019"
1722049,Левин Олег Владимирович,Q131305516,чрезвычайный и полномочный посланник 1 класса,чрезвычайный и полномочный посол российской федерации | посольство российской федерации в султанате оман,Q139927408,"01.11.2025"
1722050,Линевич Сергей Георгиевич,Q97460783,чрезвычайный и полномочный посланник 2 класса,"генеральный консул российской федерации | генеральное консульство российской федерации в кракове, республика польша",Q139927432,"10.02.2022"
1722051,Лисенков Алексей Дмитриевич,Q140121816,чрезвычайный и полномочный посланник 1 класса,директор департамента | департамент специальной связи,Q139927408,"02.10.2023"
1722052,Литвинов Максим Игоревич,Q140122032,чрезвычайный и полномочный посланник 2 класса,"генеральный консул российской федерации | генеральное консульство российской федерации в басре, иракская республика",Q139927432,"08.06.2020"
1722053,Литвинов Максим Вадимович,Q140122031,чрезвычайный и полномочный посланник 2 класса,советник-посланник | посольство российской федерации в республике абхазия,Q139927432,"10.06.2022"
1722054,Лобанов Сергей Васильевич,Q140122033,чрезвычайный и полномочный посланник 2 класса,начальник отдела в департаменте | департамент африки,Q139927432,"10.06.2017"
1722055,Майстренко Владимир Демьянович,Q140122041,чрезвычайный и полномочный посланник 2 класса,"начальник отдела в департаменте | департамент по связям с субъектами федерации,парламентом и общественными объединениями",Q139927432,"27.06.2022"
1722056,Мамаев Александр Викторович,Q140122045,чрезвычайный и полномочный посланник 2 класса,советник-посланник | посольство российской федерации в федеративной республике нигерии,Q139927432,"12.09.2022"
1722057,Молчанов Сергей Николаевич,Q140122060,чрезвычайный и полномочный посланник 2 класса,заместитель директора департамента | первый европейский департамент,Q139927432,"08.02.2019"
1722058,Озеров Олег Борисович,Q4332124,чрезвычайный и полномочный посол,чрезвычайный и полномочный посол российской федерации | посольство российской федерации в республике молдова,Q137783787,"28.12.2021"
1722059,Павлов Владислав Валерьевич,Q140122082,чрезвычайный и полномочный посланник 2 класса,"генеральный консул российской федерации | генеральное консульство российской федерации в страсбурге, французская республика",Q139927432,"08.06.2020"
1722060,Павлов Марат Игнатьевич,Q109487624,чрезвычайный и полномочный посланник 1 класса,чрезвычайный и полномочный посол российской федерации | посольство российской федерации в республике филиппины,Q139927408,"13.09.2021"
1722061,Панков Александр Юрьевич,Q140122083,чрезвычайный и полномочный посланник 2 класса,"генеральный консул российской федерации | генеральное консульство российской федерации в барселоне, королевство испания",Q139927432,"10.06.2017"
1722062,Пантелеев Евгений Александрович,Q140122085,чрезвычайный и полномочный посланник 2 класса,заместитель директора департамента | первый департамент стран снг,Q139927432,"29.10.2008"
1722063,Парамонов Алексей Владимирович,Q120281156,чрезвычайный и полномочный посол,чрезвычайный и полномочный посол российской федерации | посольство российской федерации в итальянской республике,Q137783787,"02.10.2020"
1722064,Патронов Сергей Юрьевич,Q140122086,чрезвычайный и полномочный посланник 2 класса,"генеральный консул российской федерации | генеральное консульство российской федерации в палермо, итальянская республика",Q139927432,"08.11.2023"
1722065,Петренко Олег Владимирович,Q134725291,чрезвычайный и полномочный посланник 1 класса,чрезвычайный и полномочный посол российской федерации | посольство российской федерации в государстве эритрея,Q139927408,"01.11.2025"
1722066,Петров Андрей Юрьевич,Q140121830,чрезвычайный и полномочный посланник 1 класса,"генеральный консул российской федерации | генеральное консульство российской федерации в рио-де-жанейро, федеративная республика бразилия",Q139927408,"10.02.2026"
1722067,Писарев Александр Борисович,Q109486517,чрезвычайный и полномочный посол,чрезвычайный и полномочный посол российской федерации | посольство российской федерации в республике парагвай,Q137783787,"13.06.2024"
1722068,Сагитов Игорь Ильдусович,Q140122110,чрезвычайный и полномочный посланник 2 класса,главный советник департамента | первый департамент азии,Q139927432,"10.02.2014"
1722069,Салтыков Алексей Эдуардович,Q113412361,чрезвычайный и полномочный посланник 1 класса, | ,Q139927408,"02.10.2023"
1722070,Семенов Сергей Алексеевич,Q140122120,чрезвычайный и полномочный посланник 2 класса,главный советник департамента | департамент кадров,Q139927432,"04.06.2014"
1722071,Семенов Сергей Валентинович,Q140122121,чрезвычайный и полномочный посланник 2 класса,"генеральный консул российской федерации | генеральное консульство российской федерации в гданьске, республика польша",Q139927432,"01.04.2024"
1722072,Студенников Артем Игоревич,Q136815498,чрезвычайный и полномочный посол,директор департамента | первый европейский департамент,Q137783787,"11.06.2025"
1722073,Федорова Анастасия Васильевна,Q140122155,чрезвычайный и полномочный посланник 2 класса,заместитель директора департамента | департамент информации и печати,Q139927432,"13.06.2018"
1722074,Фомин Олег Олегович,Q140121843,чрезвычайный и полномочный посланник 1 класса,"генеральный консул российской федерации | генеральное консульство российской федерации в дубае, объединенные арабские эмираты",Q139927408,"11.06.2025"
1722075,Хакимов Бахтиер Маруфович,Q16713162,чрезвычайный и полномочный посол,советник министра | генеральный секретариат (департамент),Q137783787,"27.07.1998"
1722076,Черненко Сергей Владимирович,Q136817412,чрезвычайный и полномочный посланник 2 класса,чрезвычайный и полномочный посол российской федерации | посольство российской федерации в республике бурунди,Q139927432,"11.06.2021"
1722077,Черновол Андрей Георгиевич,Q120278286,чрезвычайный и полномочный посланник 2 класса,чрезвычайный и полномочный посол российской федерации | посольство российской федерации в республике судан,Q139927432,"02.10.2023"
1722078,Шарашкин Андрей Евгеньевич,Q140121849,чрезвычайный и полномочный посланник 1 класса,"генеральный консул российской федерации | генеральное консульство российской федерации в гамбурге, федеративная республика германия",Q139927408,"29.12.2022"
1722079,Щетинин Александр Валентинович,Q124770193,чрезвычайный и полномочный посол,директор департамента (член коллегии) | латиноамериканский департамент,Q137783787,"13.06.2018"
1722080,Юрков Анатолий Леонидович,Q140121789,чрезвычайный и полномочный посол,посол по особым поручениям | группа послов по особым поручениям мид российской федерации,Q137783787,"09.06.2023"
1722290,Беляев Сергей Сергеевич,Q124770029,чрезвычайный и полномочный посол,чрезвычайный и полномочный посол российской федерации | посольство российской федерации в королевстве швеция,Q137783787,"28.12.2021"
1722291,Бурмистров Олег Николаевич,Q140121785,чрезвычайный и полномочный посол,посол по особым поручениям | группа послов по особым поручениям мид российской федерации,Q137783787,"13.06.2018"
1722292,Воробьева Людмила Георгиевна,Q63075648,чрезвычайный и полномочный посол,директор департамента | третий департамент азии,Q137783787,"11.06.2019"
1722293,Григорьев Семен Вячеславович,Q3596041,чрезвычайный и полномочный посол,чрезвычайный и полномочный посол российской федерации | посольство российской федерации в республике таджикистан,Q137783787,"08.02.2019"
1722294,Грицай Сергей Николаевич,Q21638402,чрезвычайный и полномочный посол,директор департамента | департамент лингвистического обеспечения,Q137783787,"11.06.2019"
1722295,Джагарян Леван Семенович,Q4159701,чрезвычайный и полномочный посол,чрезвычайный и полномочный посол российской федерации | посольство российской федерации в демократической социалистической республике шри- ланка,Q137783787,"26.12.2017"
1722296,Золотов Александр Юрьевич,Q15067127,чрезвычайный и полномочный посол,чрезвычайный и полномочный посол российской федерации | посольство российской федерации в тунисской республике,Q137783787,"12.09.2022"
1722297,Леденев Михаил Николаевич,Q109487647,чрезвычайный и полномочный посол,чрезвычайный и полномочный посол российской федерации | посольство российской федерации в республике никарагуа,Q137783787,"13.06.2024"
1722298,Тарабрин Владимир Евгеньевич,Q18278475,чрезвычайный и полномочный посол,чрезвычайный и полномочный посол российской федерации | посольство российской федерации в королевстве нидерландов,Q137783787,"13.06.2018"
1722299,Ткаченко Всеволод Игоревич,Q18409512,чрезвычайный и полномочный посол,чрезвычайный и полномочный посол российской федерации | посольство российской федерации в республике кении,Q137783787,"11.06.2021"
1722300,Баранов Максим Анатольевич,Q140121791,чрезвычайный и полномочный посланник 1 класса,заместитель директора департамента | второй департамент азии,Q139927408,"10.06.2022"
1722301,Бердников Сергей Леонидович,Q109494080,чрезвычайный и полномочный посланник 1 класса,чрезвычайный и полномочный посол российской федерации | посольство российской федерации в республике зимбабве,Q139927408,"09.02.2023"
1722302,Булатов Артем Юрьевич,Q140121794,чрезвычайный и полномочный посланник 1 класса,посол по особым поручениям | группа послов по особым поручениям мид российской федерации,Q139927408,"29.12.2022"
1722303,Великанов Вадим Валерьевич,Q140121796,чрезвычайный и полномочный посланник 1 класса,заместитель директора департамента | третий департамент азии,Q139927408,"26.12.2025"
1722304,Гусев Вадим Альбертович,Q140121800,чрезвычайный и полномочный посланник 1 класса,советник-посланник | посольство российской федерации в киргизской республике,Q139927408,"11.06.2025"
1722305,Даудов Турко ,Q124769825,чрезвычайный и полномочный посланник 1 класса,"постоянный представитель российской федерации | постоянное представительство российской федерации при организации исламского сотрудничества в джидде, королевство саудовская аравия",Q139927408,"11.06.2025"
1722306,Доманов Александр ,Q140121802,чрезвычайный и полномочный посланник 1 класса,директор департамента | департамент капитального строительства и собственности за рубежом,Q139927408,"11.06.2025"
1722307,Зыков Дмитрий Константинович,Q138609651,чрезвычайный и полномочный посланник 1 класса,чрезвычайный и полномочный посол российской федерации | посольство российской федерации в республике северной македонии,Q139927408,"11.06.2025"
1722308,Калугина Мария Юрьевна,Q140121808,чрезвычайный и полномочный посланник 1 класса,заместитель директора департамента | департамент информации и печати,Q139927408,"01.11.2025"
1722309,Корепанов Дмитрий Гениевич,Q124771351,чрезвычайный и полномочный посланник 1 класса,чрезвычайный и полномочный посол российской федерации | посольство российской федерации в габонской республике,Q139927408,"13.02.2024"
1722310,Кузьмин Геннадий Владимирович,Q140121815,чрезвычайный и полномочный посланник 1 класса,посол по особым поручениям | группа послов по особым поручениям мид российской федерации,Q139927408,"01.04.2024"
1722311,Лысиков Андрей Викторович,Q140121819,чрезвычайный и полномочный посланник 1 класса,директор департамента | валютно-финансовый департамент,Q139927408,"31.07.2023"
1722312,Лыженков Алексей Львович,Q140121820,чрезвычайный и полномочный посланник 1 класса,заместитель директора департамента | департамент по вопросам новых вызовов и угроз,Q139927408,"01.04.2024"
1722313,Мазур Антон Юрьевич,Q140121822,чрезвычайный и полномочный посланник 1 класса,заместитель директора департамента | департамент по вопросам нераспространения и контроля над вооружениями,Q139927408,"10.02.2026"
1722314,Миляев Андрей Александрович,Q140121823,чрезвычайный и полномочный посланник 1 класса,заместитель директора департамента | департамент государственного протокола,Q139927408,"09.06.2023"
1722315,Михайлов Кирилл Сергеевич,Q72308749,чрезвычайный и полномочный посланник 1 класса,заместитель директора департамента | департамент северной атлантики,Q139927408,"01.11.2025"
1722316,Михайлова Наталья Сергеевна,Q140121824,чрезвычайный и полномочный посланник 1 класса,руководитель представительства | представительство мид российской федерации в г. донецке,Q139927408,"13.06.2024"
1722317,Носков Михаил Викторович,Q109487618,чрезвычайный и полномочный посланник 1 класса,заместитель директора департамента | генеральный секретариат (департамент),Q139927408,"11.06.2021"
1722318,Ожегова Светлана Всеволодовна,Q140121827,чрезвычайный и полномочный посланник 1 класса,заместитель директора департамента | второй европейский департамент,Q139927408,"02.10.2023"
1722319,Пономарева Анна Владимировна,Q137595586,чрезвычайный и полномочный посланник 1 класса,чрезвычайный и полномочный посол российской федерации | посольство российской федерации в чешской республике,Q139927408,"10.02.2026"
1722320,Попов Алексей Владимирович,Q120279759,чрезвычайный и полномочный посланник 1 класса,чрезвычайный и полномочный посол российской федерации | посольство российской федерации в гвинейской республике,Q139927408,"13.02.2024"
1722321,Постников Олег Владимирович,Q140121831,чрезвычайный и полномочный посланник 1 класса,директор департамента | департамент по вопросам нераспространения и контроля над вооружениями,Q139927408,"01.11.2025"
1722322,Проскуряков Владимир Анатольевич,Q140121833,чрезвычайный и полномочный посланник 1 класса,советник-посланник | посольство российской федерации в канаде,Q139927408,"13.06.2024"
1722323,Прусов Александр Владимирович,Q140121834,чрезвычайный и полномочный посланник 1 класса,заместитель директора департамента | департамент государственного протокола,Q139927408,"11.06.2025"
1722324,Салов Владимир Павлович,Q140121836,чрезвычайный и полномочный посланник 1 класса,заместитель директора департамента | департамент по вопросам новых вызовов и угроз,Q139927408,"09.02.2023"
1722325,Самарин Александр Викторович,Q140121837,чрезвычайный и полномочный посланник 1 класса,заместитель директора департамента | первый европейский департамент,Q139927408,"13.06.2024"
1722326,Середин Алексей Викторович,Q133798396,чрезвычайный и полномочный посланник 1 класса,чрезвычайный и полномочный посол российской федерации | посольство российской федерации в доминиканской республике,Q139927408,"01.11.2025"
1722327,Трофимов Дмитрий Александрович,Q88627374,чрезвычайный и полномочный посланник 1 класса,руководитель миссии российской федерации | секция интересов российской федерации при посольстве швейцарской конфедерации в грузии,Q139927408,"09.06.2023"
1722328,Тряпицын Виталий Евгеньевич,Q140121842,чрезвычайный и полномочный посланник 1 класса,посол по особым поручениям | группа послов по особым поручениям мид российской федерации,Q139927408,"11.06.2021"
1722329,Фролов Андрей Евгеньевич,Q140121844,чрезвычайный и полномочный посланник 2 класса,заместитель директора департамента | консульский департамент,Q139927432,"26.12.2025"
1722330,Фролов Петр Валерьевич,Q140121845,чрезвычайный и полномочный посланник 1 класса,советник-посланник | посольство российской федерации в республике белоруссия,Q139927408,"01.10.2024"
1722331,Шостак Анатолий Викторович,Q140121850,чрезвычайный и полномочный посланник 1 класса,посол по особым поручениям | группа послов по особым поручениям мид российской федерации,Q139927408,"09.06.2023"
1722332,Бабушкин Роман Николаевич,Q140121865,чрезвычайный и полномочный посланник 2 класса,советник-посланник | посольство российской федерации в республике индии,Q139927432,"01.11.2025"
1722333,Баранов Сергей Викторович,Q16535533,чрезвычайный и полномочный посланник 2 класса,заместитель директора департамента | историко-документальный департамент,Q139927432,"11.02.2008"
1722334,Белецкий Владимир Викторович,Q140121871,чрезвычайный и полномочный посланник 2 класса,"заместитель директора департамента | департамент по связям с субъектами федерации,парламентом и общественными объединениями",Q139927432,"11.06.2021"
1722335,Белов Дмитрий Вадимович,Q140121872,чрезвычайный и полномочный посланник 2 класса,заместитель директора департамента | латиноамериканский департамент,Q139927432,"10.02.2017"
1722336,Белоносов Алексей Юрьевич,Q140121873,чрезвычайный и полномочный посланник 2 класса,"главный советник департамента | департамент по связям с субъектами федерации,парламентом и общественными объединениями",Q139927432,"10.06.2022"
1722337,Белоусов Андрей Иванович,Q140121874,чрезвычайный и полномочный посланник 2 класса,"заместитель постоянного представителя | постоянное представительство российской федерации при отделении оон и других международных организациях в женеве, швейцарская конфедерация",Q139927432,"28.12.2021"
1722338,Берсенев Константин Алексеевич,Q140121875,чрезвычайный и полномочный посланник 2 класса,заместитель директора департамента | четвертый европейский департамент,Q139927432,"11.06.2019"
1722339,Бессонов Евгений Геннадьевич,Q140121876,чрезвычайный и полномочный посланник 2 класса,заместитель директора департамента | департамент международных организаций,Q139927432,"13.06.2018"
1722340,Боголюбов Сергей ,Q140121880,чрезвычайный и полномочный посланник 2 класса,заместитель директора департамента | генеральный секретариат (департамент),Q139927432,"27.12.2024"
1722341,Богомолова Анна Павловна,Q140121881,чрезвычайный и полномочный посланник 2 класса,заместитель директора департамента | генеральный секретариат (департамент),Q139927432,"02.10.2023"
1722342,Бородин Дмитрий Андреевич,Q140121884,чрезвычайный и полномочный посланник 2 класса,заместитель директора департамента | департамент ситуационно-кризисный центр,Q139927432,"10.06.2017"
1722343,Бредихин Олег Николаевич,Q140121886,чрезвычайный и полномочный посланник 2 класса,заместитель директора департамента | четвертый европейский департамент,Q139927432,"28.12.2018"
1722344,Бубликов Вадим Владимирович,Q140121887,чрезвычайный и полномочный посланник 2 класса,заместитель директора департамента | третий департамент азии,Q139927432,"10.06.2017"
1722345,Будаев Александр Николаевич,Q140121888,чрезвычайный и полномочный посланник 2 класса,"генеральный консул российской федерации | генеральное консульство российской федерации в хайфе,государство израиль",Q139927432,"26.12.2017"
1722346,Букин Дмитрий Васильевич,Q140121889,чрезвычайный и полномочный посланник 2 класса,заместитель директора департамента | департамент международной информационной безопасности,Q139927432,"10.02.2016"
1722347,Варламов Игорь Николаевич,Q140121898,чрезвычайный и полномочный посланник 2 класса,советник-посланник | посольство российской федерации в республике колумбии,Q139927432,"02.10.2023"
1722348,Васильев Вадим Игорьевич,Q140121899,чрезвычайный и полномочный посланник 2 класса,главный советник департамента | департамент по многостороннему гуманитарному сотрудничеству и культурным связям,Q139927432,"02.10.2020"
1722349,Васильев Сергей Юрьевич,Q140121900,чрезвычайный и полномочный посланник 2 класса,"заместитель постоянного представителя | постоянное представительство российской федерации при отделении оон и других международных организациях в женеве, швейцарская конфедерация",Q139927432,"02.10.2023"
1722350,Владимиров Андрей Юрьевич,Q140121906,чрезвычайный и полномочный посланник 2 класса,главный советник департамента | третий департамент стран снг,Q139927432,"11.06.2019"
1722351,Волков Максим Геннадьевич,Q140121908,чрезвычайный и полномочный посланник 2 класса,заместитель директора департамента | первый департамент азии,Q139927432,"11.06.2019"
1722352,Володин Иван Алексеевич,Q140121909,чрезвычайный и полномочный посланник 2 класса,заместитель директора департамента | правовой департамент,Q139927432,"11.06.2021"
1722353,Воронцов Константин Витальевич,Q140121911,чрезвычайный и полномочный посланник 2 класса,заместитель директора департамента | департамент по вопросам нераспространения и контроля над вооружениями,Q139927432,"01.04.2024"
1722354,Воропаев Виктор Сергеевич,Q136816810,чрезвычайный и полномочный посланник 2 класса,чрезвычайный и полномочный посол российской федерации | посольство российской федерации в республике нигер,Q139927432,"10.06.2022"
1722355,Гаврилов Олег Владимирович,Q140121916,чрезвычайный и полномочный посланник 2 класса,заместитель директора департамента | департамент информации и печати,Q139927432,"01.04.2024"
1722356,Гарибян Тигран Левонович,Q140121918,чрезвычайный и полномочный посланник 2 класса,советник-посланник | посольство российской федерации в венгрии,Q139927432,"26.12.2025"
1722357,Геворкян Рафаэл Самвелович,Q140121919,чрезвычайный и полномочный посланник 2 класса,советник-посланник | посольство российской федерации в исламской республике иран,Q139927432,"13.06.2024"
1722358,Голуб Алексей Иванович,Q140121920,чрезвычайный и полномочный посланник 2 класса,"заместитель директора департамента | департамент по связям с субъектами федерации,парламентом и общественными объединениями",Q139927432,"10.06.2022"
1722359,Горбунов Иван Николаевич,Q140121923,чрезвычайный и полномочный посланник 2 класса,заместитель директора департамента | четвертый европейский департамент,Q139927432,"02.10.2020"
1722360,Горшкова Елена Вячеславовна,Q140121924,чрезвычайный и полномочный посланник 2 класса,заместитель директора департамента | департамент кадров,Q139927432,"26.12.2025"
1722361,Градов Сергей Викторович,Q140121925,чрезвычайный и полномочный посланник 2 класса,заместитель директора департамента | валютно-финансовый департамент,Q139927432,"10.02.2025"
1722362,Григорьев Александр Владимирович,Q16639759,чрезвычайный и полномочный посланник 2 класса,начальник отдела в департаменте | департамент по работе с соотечественниками за рубежом,Q139927432,"01.10.2019"
1722363,Григорьев Алексей Юрьевич,Q140121927,чрезвычайный и полномочный посланник 2 класса,заместитель директора департамента | первый европейский департамент,Q139927432,"01.04.2024"
1722364,Гусаров Александр Евгеньевич,Q140121929,чрезвычайный и полномочный посланник 2 класса,директор департамента | департамент северной атлантики,Q139927432,"08.11.2023"
1722365,Гущин Сергей Владимирович,Q140121930,чрезвычайный и полномочный посланник 2 класса,советник-посланник | посольство российской федерации во французской республике,Q139927432,"01.11.2025"
1722366,Дегтярев Константин Петрович,Q140121933,чрезвычайный и полномочный посланник 2 класса,заместитель директора департамента | департамент кадров,Q139927432,"01.10.2024"
1722367,Дмитриченко Андрей Иванович,Q140121937,чрезвычайный и полномочный посланник 2 класса,советник-посланник | посольство российской федерации в королевстве таиланд,Q139927432,"01.10.2024"
1722368,Дорохин Константин Сергеевич,Q140121939,чрезвычайный и полномочный посланник 2 класса,советник-посланник | посольство российской федерации в республике колумбия,Q139927432,"02.10.2020"
1722369,Дронов Андрей Юрьевич,Q140121941,чрезвычайный и полномочный посланник 2 класса,"генеральный консул российской федерации | генеральное консульство российской федерации в лейпциге, федеративная республика германия",Q139927432,"25.12.2020"
1722370,Дудник Оксана Сергеевна,Q140121942,чрезвычайный и полномочный посланник 2 класса,"генеральный консул российской федерации | генеральное консульство российской федерации в пусане, республика корея",Q139927432,"09.06.2023"
1722371,Дьяченко Сергей Владимирович,Q140121946,чрезвычайный и полномочный посланник 2 класса,заместитель директора департамента | первый департамент стран снг,Q139927432,"10.06.2022"
1722372,Дьячков Денис Геннадьевич,Q140121947,чрезвычайный и полномочный посланник 2 класса,советник-посланник | посольство российской федерации в аргентинской республике,Q139927432,"01.04.2024"
1722373,Евсеев Виктор Викторович,Q140121948,чрезвычайный и полномочный посланник 2 класса,начальник отдела в департаменте | департамент африки,Q139927432,"10.02.2018"
1722374,Евстигнеева Анна Михайловна,Q140121949,чрезвычайный и полномочный посланник 2 класса,"заместитель постоянного представителя | постоянное представительство российской федерации при оон в нью-йорке, соединенные штаты америки",Q139927432,"11.06.2021"
1722375,Егоров Олег Романович,Q140121950,чрезвычайный и полномочный посланник 2 класса,заместитель директора департамента | департамент по работе с соотечественниками за рубежом,Q139927432,"09.04.2013"
1722376,Елкин Михаил Владимирович,Q140121951,чрезвычайный и полномочный посланник 2 класса,заместитель директора департамента | второй департамент стран снг,Q139927432,"09.02.2023"
1722377,Журавлев Роман Игоревич,Q140121954,чрезвычайный и полномочный посланник 2 класса,заместитель директора департамента | первый департамент азии,Q139927432,"12.09.2022"
1722378,Журов Александр Викторович,Q140121955,чрезвычайный и полномочный посланник 2 класса,советник-посланник | посольство российской федерации в республике южная осетия,Q139927432,"10.06.2022"
1722379,Заболоцкая Мария Владимировна,Q140121956,чрезвычайный и полномочный посланник 2 класса,"заместитель постоянного представителя | постоянное представительство российской федерации при оон в нью-йорке, соединенные штаты америки",Q139927432,"09.02.2023"
1722380,Зеленов Александр Викторович,Q140121962,чрезвычайный и полномочный посланник 2 класса,заместитель директора департамента | генеральный секретариат (департамент),Q139927432,"10.02.2022"
1722381,Иванов Алексей Юрьевич,Q140121963,чрезвычайный и полномочный посланник 2 класса,советник-посланник | посольство российской федерации в турецкой республике,Q139927432,"10.02.2025"
1722382,Изотова Екатерина Алексеевна,Q140121966,чрезвычайный и полномочный посланник 2 класса,помощник министра | генеральный секретариат (департамент),Q139927432,"12.09.2022"
1722383,Истомин Александр Александрович,Q140121968,чрезвычайный и полномочный посланник 2 класса,советник-посланник | посольство российской федерации в королевстве саудовская аравия,Q139927432,"27.12.2024"
1722384,Калашников Николай Владимирович,Q140121970,чрезвычайный и полномочный посланник 2 класса,заместитель директора департамента | департамент многостороннего сотрудничества по правам человека,Q139927432,"01.10.2024"
1722385,Калинин Андрей Викторович,Q4209441,чрезвычайный и полномочный посланник 2 класса,заместитель директора департамента | правовой департамент,Q139927432,"09.06.2023"
1722386,Капустин Алексей Владимирович,Q140121973,чрезвычайный и полномочный посланник 2 класса,начальник отдела в департаменте | латиноамериканский департамент,Q139927432,"17.10.2016"
1722387,Караваев Игорь Вячеславович,Q140121974,чрезвычайный и полномочный посланник 2 класса,советник-посланник | посольство российской федерации в королевстве камбоджа,Q139927432,"11.06.2025"
1722388,Ким Александр Вячеславович,Q140121978,чрезвычайный и полномочный посланник 2 класса,советник-посланник | посольство российской федерации в соединенных штатах америки,Q139927432,"09.06.2023"
1722389,Ким Владимир Эдуардович,Q140121979,чрезвычайный и полномочный посланник 2 класса,главный советник департамента | генеральный секретариат (департамент),Q139927432,"13.06.2018"
1722390,Киселев Андрей Николаевич,Q140121980,чрезвычайный и полномочный посланник 2 класса,советник-посланник | посольство российской федерации в республике хорватии,Q139927432,"27.12.2024"
1722391,Князева Анна Александровна,Q140121982,чрезвычайный и полномочный посланник 2 класса,заместитель директора департамента | правовой департамент,Q139927432,"27.12.2024"
1722392,Ковалев Олег Анатольевич,Q140121985,чрезвычайный и полномочный посланник 2 класса,заместитель директора департамента | департамент ситуационно-кризисный центр,Q139927432,"03.09.2018"
1722393,Ковальчук Ирина Сергеевна,Q140121986,чрезвычайный и полномочный посланник 2 класса,заместитель директора департамента | первый департамент стран снг,Q139927432,"09.06.2023"
1722394,Козлов Александр Викторович,Q140121987,чрезвычайный и полномочный посланник 2 класса,посол по особым поручениям | группа послов по особым поручениям мид российской федерации,Q139927432,"10.02.2016"
1722395,Козлов Александр Леонидович,Q140121988,чрезвычайный и полномочный посланник 2 класса,заместитель директора департамента | второй департамент азии,Q139927432,"02.10.2023"
1722396,Кокорев Михаил Евгеньевич,Q140121989,чрезвычайный и полномочный посланник 2 класса,советник-посланник | посольство российской федерации в республике эквадор,Q139927432,"10.02.2025"
1722397,Колесников Андрей Леонидович,Q140121990,чрезвычайный и полномочный посланник 2 класса,заместитель директора департамента | второй европейский департамент,Q139927432,"02.10.2020"
1722398,Комаров Евгений Петрович,Q140121992,чрезвычайный и полномочный посланник 2 класса,помощник министра | ,Q139927432,"10.02.2026"
1722399,Кондаков Александр Валентинович,Q140121993,чрезвычайный и полномочный посланник 2 класса,заместитель директора департамента | второй департамент стран снг,Q139927432,"09.02.2023"
1722400,Копнин Александр Анатольевич,Q140121997,чрезвычайный и полномочный посланник 2 класса,главный советник департамента | департамент по работе с соотечественниками за рубежом,Q139927432,"14.12.2012"
1722401,Копнина Елена Сергеевна,Q140121998,чрезвычайный и полномочный посланник 2 класса,советник-посланник | посольство российской федерации в румынии,Q139927432,"01.10.2024"
1722402,Корнеев Михаил Юрьевич,Q140122000,чрезвычайный и полномочный посланник 2 класса,советник-посланник | посольство российской федерации в федеративной демократической республике эфиопии,Q139927432,"28.12.2021"
1722403,Коротков Андрей Александрович,Q140122002,чрезвычайный и полномочный посланник 2 класса,советник министра | генеральный секретариат (департамент),Q139927432,"02.10.2023"
1722404,Косенкова Анна Владимировна,Q140122005,чрезвычайный и полномочный посланник 2 класса,советник-посланник | посольство российской федерации в республике куба,Q139927432,"09.06.2023"
1722405,Коткова Инна Владимировна,Q140122008,чрезвычайный и полномочный посланник 2 класса,заместитель директора департамента | правовой департамент,Q139927432,"11.06.2021"
1722406,Кошкин Василий Николаевич,Q140122009,чрезвычайный и полномочный посланник 2 класса,заместитель директора департамента | департамент кадров,Q139927432,"08.11.2023"
1722407,Кудрявцев Сергей Викторович,Q140122014,чрезвычайный и полномочный посланник 2 класса,советник-посланник | посольство российской федерации в швейцарской конфедерации,Q139927432,"03.09.2018"
1722408,Кудрявцева Елена Юрьевна,Q140122015,чрезвычайный и полномочный посланник 2 класса,заместитель директора департамента | латиноамериканский департамент,Q139927432,"02.10.2023"
1722409,Кузнецов Георгий Викторович,Q140122017,чрезвычайный и полномочный посланник 2 класса,заместитель директора департамента | департамент государственного протокола,Q139927432,"28.12.2021"
1722410,Кузьменков Степан ,Q140122018,чрезвычайный и полномочный посланник 2 класса,заместитель директора департамента | департамент по многостороннему гуманитарному сотрудничеству и культурным связям,Q139927432,"11.06.2025"
1722411,Кулагина Ирина Александровна,Q140122019,чрезвычайный и полномочный посланник 2 класса,"заместитель директора департамента | департамент по связям с субъектами федерации,парламентом и общественными объединениями",Q139927432,"10.02.2022"
1722412,Куликова Елена Владимировна,Q140122020,чрезвычайный и полномочный посланник 2 класса,заместитель директора департамента | правовой департамент,Q139927432,"02.10.2020"
1722413,Курбанов Эльдар Марифович,Q140122022,чрезвычайный и полномочный посланник 2 класса,начальник отдела в департаменте | департамент ближнего востока и северной африки,Q139927432,"29.12.2022"
1722414,Лебеденко Владимир Юрьевич,Q140122024,чрезвычайный и полномочный посланник 2 класса,"заместитель директора департамента | департамент по связям с субъектами федерации,парламентом и общественными объединениями",Q139927432,"18.07.2007"
1722415,Леденев Андрей Андреевич,Q140122025,чрезвычайный и полномочный посланник 2 класса,советник-посланник | посольство российской федерации в соединенных штатах америки,Q139927432,"13.02.2024"
1722416,Леонтьев Владимир Львович,Q140122027,чрезвычайный и полномочный посланник 2 класса,советник министра | генеральный секретариат (департамент),Q139927432,"05.12.2013"
1722417,Литвинов Андрей Борисович,Q140122030,чрезвычайный и полномочный посланник 2 класса,старший советник | посольство российской федерации в новой зеландии,Q139927432,"10.06.2017"
1722418,Логачев Сергей Олегович,Q140122034,чрезвычайный и полномочный посланник 2 класса,советник-посланник | посольство российской федерации в объединенной республике танзании,Q139927432,"12.09.2022"
1722419,Лямин Андрей Вячеславович,Q140122037,чрезвычайный и полномочный посланник 2 класса,заместитель директора департамента | департамент азиатского и тихоокеанского сотрудничества,Q139927432,"08.07.2016"
1722420,Ляпин Владимир Александрович,Q140122038,чрезвычайный и полномочный посланник 2 класса,советник-посланник | посольство российской федерации в королевстве швеция,Q139927432,"13.06.2024"
1722421,Магомедов Камиль Омарович,Q140122040,чрезвычайный и полномочный посланник 2 класса,заместитель директора департамента | третий департамент стран снг,Q139927432,"10.02.2016"
1722422,Макаров Михаил Станиславович,Q140122042,чрезвычайный и полномочный посланник 2 класса,начальник отдела в департаменте | генеральный секретариат (департамент),Q139927432,"15.08.2013"
1722423,Макаров Николай Николаевич,Q65153320,чрезвычайный и полномочный посланник 2 класса,заместитель директора департамента | департамент внешнеполитического планирования,Q139927432,"13.12.2019"
1722424,Малькова Виктория Валерьевна,Q140122044,чрезвычайный и полномочный посланник 2 класса,заместитель директора департамента | первый департамент стран снг,Q139927432,"01.10.2024"
1722425,Марков Алексей Геннадьевич,Q140122046,чрезвычайный и полномочный посланник 2 класса,"генеральный консул российской федерации | генеральное консульство российской федерации в нью-йорке, соединенные штаты америки",Q139927432,"11.06.2025"
1722426,Мартынов Игорь Александрович,Q126971320,чрезвычайный и полномочный посланник 2 класса,чрезвычайный и полномочный посол российской федерации | посольство российской федерации в буркина-фасо,Q139927432,"11.06.2025"
1722427,Марченко Александр Александрович,Q140122047,чрезвычайный и полномочный посланник 2 класса,советник-посланник | посольство российской федерации в алжирской народной демократической республике,Q139927432,"10.06.2022"
1722428,Матвеев Юрий Владимирович,Q140122051,чрезвычайный и полномочный посланник 2 класса,советник-посланник | посольство российской федерации в арабской республике египет,Q139927432,"13.02.2024"
1722429,Медяник Евгений Александрович,Q140122053,чрезвычайный и полномочный посланник 2 класса,заместитель директора департамента | генеральный секретариат (департамент),Q139927432,"08.06.2020"
1722430,Мельник Юрий Юрьевич,Q140122054,чрезвычайный и полномочный посланник 2 класса,советник-посланник | посольство российской федерации в республике казахстан,Q139927432,"01.11.2025"
1722431,Мельников Николай Евгеньевич,Q140122055,чрезвычайный и полномочный посланник 2 класса,директор департамента | департамент информационного обеспечения,Q139927432,"11.06.2025"
1722432,Миронов Николай Валентинович,Q140122056,чрезвычайный и полномочный посланник 2 класса,заместитель директора департамента | департамент экономического сотрудничества,Q139927432,"13.09.2021"
1722433,Митрофанов Вадим Юрьевич,Q140122057,чрезвычайный и полномочный посланник 2 класса,и.о. директора департамента | департамент по работе с соотечественниками за рубежом,Q139927432,"03.09.2018"
1722434,Михайлов Дмитрий Юрьевич,Q140122058,чрезвычайный и полномочный посланник 2 класса,начальник отдела в департаменте | департамент лингвистического обеспечения,Q139927432,"13.09.2021"
1722435,Мокин Даниил Владимирович,Q140122059,чрезвычайный и полномочный посланник 2 класса,"заместитель постоянного представителя | постоянное представительство российской федерации при международных организациях в вене, австрийская республика",Q139927432,"01.10.2019"
1722436,Морозов Андрей Львович,Q140122062,чрезвычайный и полномочный посланник 2 класса,советник-посланник | посольство российской федерации в боснии и герцеговине,Q139927432,"27.12.2024"
1722437,Мусиенко Александр Андреевич,Q140122065,чрезвычайный и полномочный посланник 2 класса,заместитель директора департамента | третий департамент стран снг,Q139927432,"26.12.2017"
1722438,Налобин Сергей Николаевич,Q140122066,чрезвычайный и полномочный посланник 2 класса,заместитель директора департамента | департамент информации и печати,Q139927432,"10.06.2022"
1722439,Нечаев Иван Игоревич,Q140122068,чрезвычайный и полномочный посланник 2 класса,заместитель директора департамента | департамент по работе с соотечественниками за рубежом,Q139927432,"11.06.2025"
1722440,Никитин Вадим Николаевич,Q140122070,чрезвычайный и полномочный посланник 2 класса,заместитель директора департамента | департамент лингвистического обеспечения,Q139927432,"01.10.2024"
1722441,Никитин Игорь Станиславович,Q140122071,чрезвычайный и полномочный посланник 2 класса,заместитель директора департамента | третий европейский департамент,Q139927432,"08.07.2016"
1722442,Новосельцева Вероника Анатольевна,Q140122073,чрезвычайный и полномочный посланник 2 класса,советник-посланник | посольство российской федерации в республике индонезии,Q139927432,"09.06.2023"
1722443,Носков Александр Александрович,Q140122074,чрезвычайный и полномочный посланник 2 класса,"генеральный консул российской федерации | генеральное консульство российской федерации в монреале, канада",Q139927432,"10.06.2017"
1722444,Олисов Александр Васильевич,Q140122075,чрезвычайный и полномочный посланник 2 класса,ведущий эксперт | историко-документальный департамент,Q139927432,"12.04.2010"
1722445,Орлов Григорий Владимирович,Q140122079,чрезвычайный и полномочный посланник 2 класса,советник-посланник | посольство российской федерации в королевстве нидерландов,Q139927432,"09.02.2023"
1722446,Ощепков Владимир Платонович,Q140122081,чрезвычайный и полномочный посланник 2 класса,заместитель директора департамента | первый департамент азии,Q139927432,"10.02.2022"
1722447,Панов Андрей Леонидович,Q140122084,чрезвычайный и полномочный посланник 2 класса,заместитель директора департамента | департамент ближнего востока и северной африки,Q139927432,"03.09.2018"
1722448,Пашков Виктор Львович,Q140122087,чрезвычайный и полномочный посланник 2 класса,начальник отдела в департаменте | первый департамент азии,Q139927432,"11.06.2021"
1722449,Петрова Светлана Владимировна,Q140122088,чрезвычайный и полномочный посланник 2 класса,советник-посланник | посольство российской федерации в республике никарагуа,Q139927432,"01.10.2024"
1722450,Погонин Алексей Алексеевич,Q140122090,чрезвычайный и полномочный посланник 2 класса,советник-посланник | посольство российской федерации в республике словении,Q139927432,"29.12.2023"
1722451,Попов Игорь Витальевич,Q4372511,чрезвычайный и полномочный посланник 2 класса,"генеральный консул российской федерации | генеральное консульство российской федерации в женеве, швейцарская конфедерация",Q139927432,"04.11.2011"
1722452,Попов Сергей Аркадьевич,Q140122092,чрезвычайный и полномочный посланник 2 класса,советник-посланник | посольство российской федерации в республике замбия,Q139927432,"08.06.2020"
1722453,Прокофьев Александр Алексеевич,Q140122093,чрезвычайный и полномочный посланник 2 класса,заместитель директора департамента | департамент африки,Q139927432,"01.06.2009"
1722454,Прохоров Владимир Николаевич,Q4382149,чрезвычайный и полномочный посланник 2 класса,заместитель директора департамента | департамент многостороннего сотрудничества по правам человека,Q139927432,"03.09.2018"
1722455,Прохоров Олег Анатольевич,Q140122095,чрезвычайный и полномочный посланник 2 класса,"генеральный консул российской федерации | генеральное консульство российской федерации в касабланке, королевство марокко",Q139927432,"08.11.2023"
1722456,Пшеничный Сергей Анатольевич,Q140122096,чрезвычайный и полномочный посланник 2 класса,заместитель директора департамента | департамент по работе с соотечественниками за рубежом,Q139927432,"02.10.2020"
1722457,Ревуцкий Антон Викторович,Q140122099,чрезвычайный и полномочный посланник 2 класса,начальник отдела в департаменте | департамент экономического сотрудничества,Q139927432,"01.10.2019"
1722458,Репкин Александр Валерьевич,Q140122100,чрезвычайный и полномочный посланник 2 класса,заместитель директора департамента | департамент экономического сотрудничества,Q139927432,"09.06.2023"
1722459,Рогов Алексей Александрович,Q140122101,чрезвычайный и полномочный посланник 2 класса,старший советник | посольство российской федерации в киргизской республике,Q139927432,"07.02.2007"
1722460,Романов Максим Геннадьевич,Q140122103,чрезвычайный и полномочный посланник 2 класса,советник-посланник | посольство российской федерации в ливанской республике,Q139927432,"29.12.2023"
1722461,Рудницкий Артем Юрьевич,Q140122106,чрезвычайный и полномочный посланник 2 класса,ведущий эксперт | историко-документальный департамент,Q139927432,"10.02.2017"
1722462,Рябоконь Сергей Владимирович,Q140122109,чрезвычайный и полномочный посланник 2 класса,главный советник департамента | департамент международной информационной безопасности,Q139927432,"12.09.2022"
1722463,Селезнев Максим Владимирович,Q140122116,чрезвычайный и полномочный посланник 2 класса,советник-посланник | посольство российской федерации в республике армения,Q139927432,"01.04.2024"
1722464,Семенова Екатерина Андреевна,Q140122119,чрезвычайный и полномочный посланник 2 класса,советник-посланник | посольство российской федерации в народной республике бангладеш,Q139927432,"11.06.2025"
1722465,Сергеев Михаил Александрович,Q140122123,чрезвычайный и полномочный посланник 2 класса,главный советник департамента | консульский департамент,Q139927432,"12.09.2022"
1722466,Симаков Виктор Викторович,Q140122125,чрезвычайный и полномочный посланник 2 класса,советник-посланник | посольство российской федерации в государстве израиль,Q139927432,"10.06.2017"
1722467,Ситников Альберт Владимирович,Q140122127,чрезвычайный и полномочный посланник 2 класса,заместитель директора департамента | департамент многостороннего сотрудничества по правам человека,Q139927432,"08.06.2020"
1722468,Скачков Андрей Семенович,Q140122128,чрезвычайный и полномочный посланник 2 класса,заместитель директора департамента | второй европейский департамент,Q139927432,"10.02.2012"
1722469,Соколов Анатолий Викторович,Q18741031,чрезвычайный и полномочный посланник 2 класса,советник-посланник | посольство российской федерации в республике чили,Q139927432,"08.06.2020"
1722470,Соколов Дмитрий Геннадьевич,Q140122129,чрезвычайный и полномочный посланник 2 класса,советник-посланник | посольство российской федерации в королевстве испания,Q139927432,"01.10.2019"
1722471,Соколов Эдуард Анатольевич,Q140122130,чрезвычайный и полномочный посланник 2 класса,советник-посланник | посольство российской федерации в боливарианской республике венесуэла,Q139927432,"01.11.2025"
1722472,Степанюк Вадим Анатольевич,Q140122132,чрезвычайный и полномочный посланник 2 класса,"заместитель постоянного представителя | постоянное представительство российской федерации при уставных и других органах снг в минске, республика белоруссия",Q139927432,"10.06.2022"
1722473,Степкина Наталья Александровна,Q140122133,чрезвычайный и полномочный посланник 2 класса,советник-посланник | посольство российской федерации в китайской народной республике,Q139927432,"12.09.2022"
1722474,Столяров Андрей Иванович,Q137427623,чрезвычайный и полномочный посланник 2 класса,чрезвычайный и полномочный посол российской федерации | посольство российской федерации в республике сьерра-леоне,Q139927432,"08.02.2019"
1722475,Субботин Дмитрий Владимирович,Q140122135,чрезвычайный и полномочный посланник 2 класса,заместитель директора департамента | департамент по вопросам новых вызовов и угроз,Q139927432,"09.02.2023"
1722476,Субботин Илья Вячеславович,Q140122136,чрезвычайный и полномочный посланник 2 класса,советник-посланник | посольство российской федерации во французской республике,Q139927432,"07.02.2020"
1722477,Тимофеев Алексей Геннадьевич,Q140122143,чрезвычайный и полномочный посланник 2 класса,начальник отдела в департаменте | третий департамент стран снг,Q139927432,"11.06.2021"
1722478,Трофимов Александр Владимирович,Q140122146,чрезвычайный и полномочный посланник 2 класса,посол по особым поручениям | группа послов по особым поручениям мид российской федерации,Q139927432,"02.10.2023"
1722479,Уткин Алексей Васильевич,Q140122151,чрезвычайный и полномочный посланник 2 класса,заместитель директора департамента | консульский департамент,Q139927432,"01.10.2019"
1722480,Ушаков Алексей Анатольевич,,чрезвычайный и полномочный посланник 2 класса,чрезвычайный и полномочный посол российской федерации | посольство российской федерации в республике перу,Q139927432,"28.12.2021"
1722481,Фадеев Виталий Викторович,Q140122153,чрезвычайный и полномочный посланник 2 класса,заместитель директора департамента | первый департамент азии,Q139927432,"10.02.2025"
1722482,Федосеев Иван Сергеевич,Q140122156,чрезвычайный и полномочный посланник 2 класса,советник-посланник | посольство российской федерации в королевстве дания,Q139927432,"10.02.2025"
1722483,Фетисов Игорь Владимирович,Q140122157,чрезвычайный и полномочный посланник 2 класса,заместитель директора департамента | историко-документальный департамент,Q139927432,"10.02.2016"
1722484,Харламова Ольга Викторовна,Q140122163,чрезвычайный и полномочный посланник 2 класса,заместитель директора департамента | департамент азиатского и тихоокеанского сотрудничества,Q139927432,"11.06.2021"
1722485,Хетагуров Алан Александрович,Q140122164,чрезвычайный и полномочный посланник 2 класса,"генеральный консул российской федерации | генеральное консульство российской федерации в усть-каменогорске, республика казахстан",Q139927432,"10.02.2025"
1722486,Цыганов Василий Андреевич,Q140122167,чрезвычайный и полномочный посланник 2 класса,заместитель директора департамента | департамент общеевропейского сотрудничества,Q139927432,"28.12.2021"
1722487,Чернов Андрей Анатольевич,Q140122169,чрезвычайный и полномочный посланник 2 класса,заместитель директора департамента | консульский департамент,Q139927432,"10.02.2022"
1722488,Шабанов Андрей Владимирович,Q140122172,чрезвычайный и полномочный посланник 2 класса,заместитель директора департамента | третий европейский департамент,Q139927432,"10.02.2016"
1722489,Шаповалов Олег Вячеславович,Q140122174,чрезвычайный и полномочный посланник 2 класса,советник-посланник | посольство российской федерации в канаде,Q139927432,"10.02.2026"
1722490,Шмелева Наталья Ивановна,Q140122178,чрезвычайный и полномочный посланник 2 класса,советник-посланник | посольство российской федерации в исламской республике пакистан,Q139927432,"11.06.2025"
1722491,Щукин Петр Владиславович,Q140122179,чрезвычайный и полномочный посланник 2 класса,советник-посланник | посольство российской федерации в туркменистане,Q139927432,"01.10.2024"
1722492,Юдин Андрей Дмитриевич,Q140122180,чрезвычайный и полномочный посланник 2 класса,"заместитель постоянного представителя | постоянное представительство российской федерации при ассоциации государств юго-восточной азии (асеан) в джакарте, республика индонезия",Q139927432,"01.11.2025"
1722493,Юдинцев Алексей Владимирович,Q140122181,чрезвычайный и полномочный посланник 2 класса,советник-посланник | посольство российской федерации в республике кении,Q139927432,"29.12.2006"
1722494,Яковлев Владимир Олегович,Q140122182,чрезвычайный и полномочный посланник 2 класса,советник-посланник | посольство российской федерации в южно-африканской республике,Q139927432,"10.02.2022"
